[
    {
        "_id": "r1DZV2P9P4P",
        "_deleted": false,
        "_createdAt": "2020-08-18T04:57:28.295Z",
        "_modifiedAt": "2020-08-18T04:57:28.295Z",
        "_lv": 1,
        "deploymentVersion": 1,
        "enabled": false,
        "backendId": "BkvSL9nAI",
        "modelId": "AccessKey",
        "event": "function afterDelete (event){\n /* Add Your Logic Here\t\n\t//apis.utility.logger.debug();\n\t*/\n}",
        "eventName": "afterDelete",
        "_v": 0
    },
    {
        "_id": "B1uZNnvcPNP",
        "_deleted": false,
        "_createdAt": "2020-08-18T04:57:28.254Z",
        "_modifiedAt": "2020-08-18T04:57:28.254Z",
        "_lv": 1,
        "deploymentVersion": 1,
        "enabled": false,
        "backendId": "BkvSL9nAI",
        "modelId": "AccessKey",
        "event": "function afterRead (event){\n /* Add Your Logic Here\t\n\t//apis.utility.logger.debug();\n\t*/\n}",
        "eventName": "afterRead",
        "_v": 0
    },
    {
        "_id": "S1YZ4hv5vND",
        "_deleted": false,
        "_createdAt": "2020-08-18T04:57:28.285Z",
        "_modifiedAt": "2020-08-18T04:57:28.285Z",
        "_lv": 1,
        "deploymentVersion": 1,
        "enabled": false,
        "backendId": "BkvSL9nAI",
        "modelId": "AccessKey",
        "event": "function afterSave (event){\n /* Add Your Logic Here\t\n\t//apis.utility.logger.debug();\n\t*/\n}",
        "eventName": "afterSave",
        "_v": 0
    },
    {
        "_id": "r1cZEnw5wEP",
        "_deleted": false,
        "_createdAt": "2020-08-18T04:57:28.301Z",
        "_modifiedAt": "2020-08-18T04:57:28.301Z",
        "_lv": 1,
        "deploymentVersion": 1,
        "enabled": false,
        "backendId": "BkvSL9nAI",
        "modelId": "AccessKey",
        "event": "function beforeDelete (event){\n /* Add Your Logic Here\t\n\t//apis.utility.logger.debug();\n\t*/\n}",
        "eventName": "beforeDelete",
        "_v": 0
    },
    {
        "_id": "ryjWE2Pqv4w",
        "_deleted": false,
        "_createdAt": "2020-08-18T04:57:28.257Z",
        "_modifiedAt": "2020-08-18T04:57:28.257Z",
        "_lv": 1,
        "deploymentVersion": 1,
        "enabled": false,
        "backendId": "BkvSL9nAI",
        "modelId": "AccessKey",
        "event": "function beforeRead (event){\n /* Add Your Logic Here\t\n\t//apis.utility.logger.debug();\n\t*/\n}",
        "eventName": "beforeRead",
        "_v": 0
    },
    {
        "_id": "BJ2WVhv5wNv",
        "_deleted": false,
        "_createdAt": "2020-08-18T04:57:28.254Z",
        "_modifiedAt": "2020-08-18T04:57:28.254Z",
        "_lv": 1,
        "deploymentVersion": 1,
        "enabled": false,
        "backendId": "BkvSL9nAI",
        "modelId": "AccessKey",
        "event": "function beforeSave (event){\n /* Add Your Logic Here\t\n\t//apis.utility.logger.debug();\n\t*/\n}",
        "eventName": "beforeSave",
        "_v": 0
    },
    {
        "_id": "Hk6ZE3v9DNP",
        "_deleted": false,
        "_createdAt": "2020-08-18T04:57:28.200Z",
        "_modifiedAt": "2020-08-18T04:57:28.200Z",
        "_lv": 1,
        "deploymentVersion": 1,
        "enabled": false,
        "backendId": "BkvSL9nAI",
        "modelId": "Attachment",
        "event": "function afterDelete (event){\n /* Add Your Logic Here\t\n\t//apis.utility.logger.debug();\n\t*/\n}",
        "eventName": "afterDelete",
        "_v": 0
    },
    {
        "_id": "rJ0bVnDqDNv",
        "_deleted": false,
        "_createdAt": "2020-08-18T04:57:28.207Z",
        "_modifiedAt": "2020-08-18T04:57:28.207Z",
        "_lv": 1,
        "deploymentVersion": 1,
        "enabled": false,
        "backendId": "BkvSL9nAI",
        "modelId": "Attachment",
        "event": "function afterRead (event){\n /* Add Your Logic Here\t\n\t//apis.utility.logger.debug();\n\t*/\n}",
        "eventName": "afterRead",
        "_v": 0
    },
    {
        "_id": "Sk1M42PqvNv",
        "_deleted": false,
        "_createdAt": "2020-08-18T04:57:28.215Z",
        "_modifiedAt": "2020-08-18T04:57:28.215Z",
        "_lv": 1,
        "deploymentVersion": 1,
        "enabled": false,
        "backendId": "BkvSL9nAI",
        "modelId": "Attachment",
        "event": "function afterSave (event){\n /* Add Your Logic Here\t\n\t//apis.utility.logger.debug();\n\t*/\n}",
        "eventName": "afterSave",
        "_v": 0
    },
    {
        "_id": "B1xfVnDqDVP",
        "_deleted": false,
        "_createdAt": "2020-08-18T04:57:28.211Z",
        "_modifiedAt": "2020-08-18T04:57:28.211Z",
        "_lv": 1,
        "deploymentVersion": 1,
        "enabled": false,
        "backendId": "BkvSL9nAI",
        "modelId": "Attachment",
        "event": "function beforeDelete (event){\n /* Add Your Logic Here\t\n\t//apis.utility.logger.debug();\n\t*/\n}",
        "eventName": "beforeDelete",
        "_v": 0
    },
    {
        "_id": "Hybf42PcDVP",
        "_deleted": false,
        "_createdAt": "2020-08-18T04:57:28.218Z",
        "_modifiedAt": "2020-08-18T04:57:28.218Z",
        "_lv": 1,
        "deploymentVersion": 1,
        "enabled": false,
        "backendId": "BkvSL9nAI",
        "modelId": "Attachment",
        "event": "function beforeRead (event){\n /* Add Your Logic Here\t\n\t//apis.utility.logger.debug();\n\t*/\n}",
        "eventName": "beforeRead",
        "_v": 0
    },
    {
        "_id": "SyzfEhDcP4D",
        "_deleted": false,
        "_createdAt": "2020-08-18T04:57:28.207Z",
        "_modifiedAt": "2020-08-18T04:57:28.207Z",
        "_lv": 1,
        "deploymentVersion": 1,
        "enabled": false,
        "backendId": "BkvSL9nAI",
        "modelId": "Attachment",
        "event": "function beforeSave (event){\n /* Add Your Logic Here\t\n\t//apis.utility.logger.debug();\n\t*/\n}",
        "eventName": "beforeSave",
        "_v": 0
    },
    {
        "_id": "ry7GNnw5PNw",
        "_deleted": false,
        "_createdAt": "2020-08-18T04:57:28.206Z",
        "_modifiedAt": "2020-08-18T04:57:28.206Z",
        "_lv": 1,
        "deploymentVersion": 1,
        "enabled": false,
        "backendId": "BkvSL9nAI",
        "modelId": "Connection",
        "event": "function afterDelete (event){\n /* Add Your Logic Here\t\n\t//apis.utility.logger.debug();\n\t*/\n}",
        "eventName": "afterDelete",
        "_v": 0
    },
    {
        "_id": "H1NMNnvqDEP",
        "_deleted": false,
        "_createdAt": "2020-08-18T04:57:28.210Z",
        "_modifiedAt": "2020-08-18T04:57:28.210Z",
        "_lv": 1,
        "deploymentVersion": 1,
        "enabled": false,
        "backendId": "BkvSL9nAI",
        "modelId": "Connection",
        "event": "function afterRead (event){\n /* Add Your Logic Here\t\n\t//apis.utility.logger.debug();\n\t*/\n}",
        "eventName": "afterRead",
        "_v": 0
    },
    {
        "_id": "HJHME2vqwEv",
        "_deleted": false,
        "_createdAt": "2020-08-18T04:57:28.217Z",
        "_modifiedAt": "2020-08-18T04:57:28.217Z",
        "_lv": 1,
        "deploymentVersion": 1,
        "enabled": false,
        "backendId": "BkvSL9nAI",
        "modelId": "Connection",
        "event": "function afterSave (event){\n /* Add Your Logic Here\t\n\t//apis.utility.logger.debug();\n\t*/\n}",
        "eventName": "afterSave",
        "_v": 0
    },
    {
        "_id": "Hy8zNhvqP4D",
        "_deleted": false,
        "_createdAt": "2020-08-18T04:57:28.214Z",
        "_modifiedAt": "2020-08-18T04:57:28.214Z",
        "_lv": 1,
        "deploymentVersion": 1,
        "enabled": false,
        "backendId": "BkvSL9nAI",
        "modelId": "Connection",
        "event": "function beforeDelete (event){\n /* Add Your Logic Here\t\n\t//apis.utility.logger.debug();\n\t*/\n}",
        "eventName": "beforeDelete",
        "_v": 0
    },
    {
        "_id": "ryDGVnvqw4w",
        "_deleted": false,
        "_createdAt": "2020-08-18T04:57:28.222Z",
        "_modifiedAt": "2020-08-18T04:57:28.222Z",
        "_lv": 1,
        "deploymentVersion": 1,
        "enabled": false,
        "backendId": "BkvSL9nAI",
        "modelId": "Connection",
        "event": "function beforeRead (event){\n /* Add Your Logic Here\t\n\t//apis.utility.logger.debug();\n\t*/\n}",
        "eventName": "beforeRead",
        "_v": 0
    },
    {
        "_id": "r1dM43P5vVP",
        "_deleted": false,
        "_createdAt": "2020-08-18T04:57:28.209Z",
        "_modifiedAt": "2020-08-18T04:57:28.209Z",
        "_lv": 1,
        "deploymentVersion": 1,
        "enabled": false,
        "backendId": "BkvSL9nAI",
        "modelId": "Connection",
        "event": "function beforeSave (event){\n /* Add Your Logic Here\t\n\t//apis.utility.logger.debug();\n\t*/\n}",
        "eventName": "beforeSave",
        "_v": 0
    },
    {
        "_id": "H1YzNnP5vNw",
        "_deleted": false,
        "_createdAt": "2020-09-09T04:07:54.375Z",
        "_modifiedAt": "2020-09-09T04:07:54.375Z",
        "_lv": 1,
        "deploymentVersion": 11,
        "enabled": false,
        "backendId": "BkvSL9nAI",
        "modelId": "LifeOfPie",
        "event": "function afterDelete (event){\n /* Add Your Logic Here\t\n\t//apis.utility.logger.debug();\n\t*/\n}",
        "eventName": "afterDelete",
        "_v": 0
    },
    {
        "_id": "Sk9fNhv9PND",
        "_deleted": false,
        "_createdAt": "2020-09-09T04:07:54.373Z",
        "_modifiedAt": "2020-09-09T04:07:54.373Z",
        "_lv": 1,
        "deploymentVersion": 11,
        "enabled": false,
        "backendId": "BkvSL9nAI",
        "modelId": "LifeOfPie",
        "event": "function afterRead (event){\n /* Add Your Logic Here\t\n\t//apis.utility.logger.debug();\n\t*/\n}",
        "eventName": "afterRead",
        "_v": 0
    },
    {
        "_id": "H1ozE3w5vNv",
        "_deleted": false,
        "_createdAt": "2020-09-09T04:07:54.372Z",
        "_modifiedAt": "2020-09-09T04:07:54.372Z",
        "_lv": 1,
        "deploymentVersion": 11,
        "enabled": false,
        "backendId": "BkvSL9nAI",
        "modelId": "LifeOfPie",
        "event": "function afterSave (event){\n /* Add Your Logic Here\t\n\t//apis.utility.logger.debug();\n\t*/\n}",
        "eventName": "afterSave",
        "_v": 0
    },
    {
        "_id": "HkhfE3v9PEw",
        "_deleted": false,
        "_createdAt": "2020-09-09T04:07:54.371Z",
        "_modifiedAt": "2020-09-09T04:07:54.371Z",
        "_lv": 1,
        "deploymentVersion": 11,
        "enabled": false,
        "backendId": "BkvSL9nAI",
        "modelId": "LifeOfPie",
        "event": "function beforeDelete (event){\n /* Add Your Logic Here\t\n\t//apis.utility.logger.debug();\n\t*/\n}",
        "eventName": "beforeDelete",
        "_v": 0
    },
    {
        "_id": "rJ6f4nP5PNP",
        "_deleted": false,
        "_createdAt": "2020-09-09T04:07:54.364Z",
        "_modifiedAt": "2020-09-09T04:07:54.364Z",
        "_lv": 1,
        "deploymentVersion": 11,
        "enabled": false,
        "backendId": "BkvSL9nAI",
        "modelId": "LifeOfPie",
        "event": "function beforeRead (event){\n /* Add Your Logic Here\t\n\t//apis.utility.logger.debug();\n\t*/\n}",
        "eventName": "beforeRead",
        "_v": 0
    },
    {
        "_id": "ByRGV3vqvVD",
        "_deleted": false,
        "_createdAt": "2020-09-09T04:07:54.371Z",
        "_modifiedAt": "2020-09-09T04:07:54.371Z",
        "_lv": 1,
        "deploymentVersion": 11,
        "enabled": false,
        "backendId": "BkvSL9nAI",
        "modelId": "LifeOfPie",
        "event": "function beforeSave (event){\n /* Add Your Logic Here\t\n\t//apis.utility.logger.debug();\n\t*/\n}",
        "eventName": "beforeSave",
        "_v": 0
    },
    {
        "_id": "SJyX4nP5w4D",
        "_deleted": false,
        "_createdAt": "2020-09-09T06:46:33.634Z",
        "_modifiedAt": "2020-09-09T06:46:33.634Z",
        "_lv": 1,
        "deploymentVersion": 13,
        "enabled": false,
        "backendId": "BkvSL9nAI",
        "modelId": "ModelOne",
        "event": "function afterDelete (event){\n /* Add Your Logic Here\t\n\t//apis.utility.logger.debug();\n\t*/\n}",
        "eventName": "afterDelete",
        "_v": 0
    },
    {
        "_id": "HyxXNhP9vEw",
        "_deleted": false,
        "_createdAt": "2020-09-09T06:46:33.634Z",
        "_modifiedAt": "2020-09-09T06:46:33.634Z",
        "_lv": 1,
        "deploymentVersion": 13,
        "enabled": false,
        "backendId": "BkvSL9nAI",
        "modelId": "ModelOne",
        "event": "function afterRead (event){\n /* Add Your Logic Here\t\n\t//apis.utility.logger.debug();\n\t*/\n}",
        "eventName": "afterRead",
        "_v": 0
    },
    {
        "_id": "S1WX4hPcw4P",
        "_deleted": false,
        "_createdAt": "2020-09-09T06:46:33.633Z",
        "_modifiedAt": "2020-09-09T06:46:33.633Z",
        "_lv": 1,
        "deploymentVersion": 13,
        "enabled": false,
        "backendId": "BkvSL9nAI",
        "modelId": "ModelOne",
        "event": "function afterSave (event){\n /* Add Your Logic Here\t\n\t//apis.utility.logger.debug();\n\t*/\n}",
        "eventName": "afterSave",
        "_v": 0
    },
    {
        "_id": "rJGm4hDqPED",
        "_deleted": false,
        "_createdAt": "2020-09-09T06:46:33.635Z",
        "_modifiedAt": "2020-09-09T06:46:33.635Z",
        "_lv": 1,
        "deploymentVersion": 13,
        "enabled": false,
        "backendId": "BkvSL9nAI",
        "modelId": "ModelOne",
        "event": "function beforeDelete (event){\n /* Add Your Logic Here\t\n\t//apis.utility.logger.debug();\n\t*/\n}",
        "eventName": "beforeDelete",
        "_v": 0
    },
    {
        "_id": "SkXXNhD9wVw",
        "_deleted": false,
        "_createdAt": "2020-09-09T06:46:33.632Z",
        "_modifiedAt": "2020-09-09T06:46:33.632Z",
        "_lv": 1,
        "deploymentVersion": 13,
        "enabled": true,
        "backendId": "BkvSL9nAI",
        "modelId": "ModelOne",
        "event": "function beforeRead (event){\n\n\tconsole.log(\"hello\")\n\n}",
        "eventName": "beforeRead",
        "_v": 0
    },
    {
        "_id": "ry4mEnPqPEv",
        "_deleted": false,
        "_createdAt": "2020-09-09T06:46:33.634Z",
        "_modifiedAt": "2020-09-09T06:46:33.634Z",
        "_lv": 1,
        "deploymentVersion": 13,
        "enabled": false,
        "backendId": "BkvSL9nAI",
        "modelId": "ModelOne",
        "event": "function beforeSave (event){\n /* Add Your Logic Here\t\n\t//apis.utility.logger.debug();\n\t*/\n}",
        "eventName": "beforeSave",
        "_v": 0
    },
    {
        "_id": "ryHmEhvqP4P",
        "_deleted": false,
        "_createdAt": "2020-09-09T06:33:17.011Z",
        "_modifiedAt": "2020-09-09T06:33:17.011Z",
        "_lv": 1,
        "deploymentVersion": 12,
        "enabled": false,
        "backendId": "BkvSL9nAI",
        "modelId": "ModelZero",
        "event": "function afterDelete (event){\n /* Add Your Logic Here\t\n\t//apis.utility.logger.debug();\n\t*/\n}",
        "eventName": "afterDelete",
        "_v": 0
    },
    {
        "_id": "By8QE3P5wEv",
        "_deleted": false,
        "_createdAt": "2020-09-09T06:33:17.012Z",
        "_modifiedAt": "2020-09-09T06:33:17.012Z",
        "_lv": 1,
        "deploymentVersion": 12,
        "enabled": false,
        "backendId": "BkvSL9nAI",
        "modelId": "ModelZero",
        "event": "function afterRead (event){\n /* Add Your Logic Here\t\n\t//apis.utility.logger.debug();\n\t*/\n}",
        "eventName": "afterRead",
        "_v": 0
    },
    {
        "_id": "HJPQ43vqwVv",
        "_deleted": false,
        "_createdAt": "2020-09-09T06:33:17.014Z",
        "_modifiedAt": "2020-09-09T06:33:17.014Z",
        "_lv": 1,
        "deploymentVersion": 12,
        "enabled": false,
        "backendId": "BkvSL9nAI",
        "modelId": "ModelZero",
        "event": "function afterSave (event){\n /* Add Your Logic Here\t\n\t//apis.utility.logger.debug();\n\t*/\n}",
        "eventName": "afterSave",
        "_v": 0
    },
    {
        "_id": "Bku7Enw5P4v",
        "_deleted": false,
        "_createdAt": "2020-09-09T06:33:17.017Z",
        "_modifiedAt": "2020-09-09T06:33:17.017Z",
        "_lv": 1,
        "deploymentVersion": 12,
        "enabled": false,
        "backendId": "BkvSL9nAI",
        "modelId": "ModelZero",
        "event": "function beforeDelete (event){\n /* Add Your Logic Here\t\n\t//apis.utility.logger.debug();\n\t*/\n}",
        "eventName": "beforeDelete",
        "_v": 0
    },
    {
        "_id": "S1K7Nhw9P4w",
        "_deleted": false,
        "_createdAt": "2020-09-09T06:33:17.017Z",
        "_modifiedAt": "2020-09-09T06:33:17.017Z",
        "_lv": 1,
        "deploymentVersion": 12,
        "enabled": false,
        "backendId": "BkvSL9nAI",
        "modelId": "ModelZero",
        "event": "function beforeRead (event){\n /* Add Your Logic Here\t\n\t//apis.utility.logger.debug();\n\t*/\n}",
        "eventName": "beforeRead",
        "_v": 0
    },
    {
        "_id": "rJc7EnD9DVP",
        "_deleted": false,
        "_createdAt": "2020-09-09T06:33:17.003Z",
        "_modifiedAt": "2020-09-09T06:33:17.003Z",
        "_lv": 1,
        "deploymentVersion": 12,
        "enabled": false,
        "backendId": "BkvSL9nAI",
        "modelId": "ModelZero",
        "event": "function beforeSave (event){\n /* Add Your Logic Here\t\n\t//apis.utility.logger.debug();\n\t*/\n}",
        "eventName": "beforeSave",
        "_v": 0
    },
    {
        "_id": "rJs7Env5P4P",
        "_deleted": false,
        "_createdAt": "2020-08-27T04:24:56.108Z",
        "_modifiedAt": "2020-08-27T04:24:56.108Z",
        "_lv": 1,
        "deploymentVersion": 2,
        "enabled": false,
        "backendId": "BkvSL9nAI",
        "modelId": "Offer",
        "event": "function afterDelete (event){\n /* Add Your Logic Here\t\n\t//apis.utility.logger.debug();\n\t*/\n}",
        "eventName": "afterDelete",
        "_v": 0
    },
    {
        "_id": "HJ2QN3wqDEw",
        "_deleted": false,
        "_createdAt": "2020-08-27T04:24:56.110Z",
        "_modifiedAt": "2020-08-27T04:24:56.110Z",
        "_lv": 1,
        "deploymentVersion": 2,
        "enabled": false,
        "backendId": "BkvSL9nAI",
        "modelId": "Offer",
        "event": "function afterRead (event){\n /* Add Your Logic Here\t\n\t//apis.utility.logger.debug();\n\t*/\n}",
        "eventName": "afterRead",
        "_v": 0
    },
    {
        "_id": "ByaQV3Pcw4v",
        "_deleted": false,
        "_createdAt": "2020-08-27T04:24:56.100Z",
        "_modifiedAt": "2020-08-27T04:24:56.100Z",
        "_lv": 1,
        "deploymentVersion": 2,
        "enabled": false,
        "backendId": "BkvSL9nAI",
        "modelId": "Offer",
        "event": "function afterSave (event){\n /* Add Your Logic Here\t\n\t//apis.utility.logger.debug();\n\t*/\n}",
        "eventName": "afterSave",
        "_v": 0
    },
    {
        "_id": "ByRXN2vqwEv",
        "_deleted": false,
        "_createdAt": "2020-08-27T04:24:56.093Z",
        "_modifiedAt": "2020-08-27T04:24:56.093Z",
        "_lv": 1,
        "deploymentVersion": 2,
        "enabled": false,
        "backendId": "BkvSL9nAI",
        "modelId": "Offer",
        "event": "function beforeDelete (event){\n /* Add Your Logic Here\t\n\t//apis.utility.logger.debug();\n\t*/\n}",
        "eventName": "beforeDelete",
        "_v": 0
    },
    {
        "_id": "HJyVEnv5PVv",
        "_deleted": false,
        "_createdAt": "2020-08-27T04:24:56.114Z",
        "_modifiedAt": "2020-08-27T04:24:56.114Z",
        "_lv": 1,
        "deploymentVersion": 2,
        "enabled": false,
        "backendId": "BkvSL9nAI",
        "modelId": "Offer",
        "event": "function beforeRead (event){\n /* Add Your Logic Here\t\n\t//apis.utility.logger.debug();\n\t*/\n}",
        "eventName": "beforeRead",
        "_v": 0
    },
    {
        "_id": "SJeENnD9wEv",
        "_deleted": false,
        "_createdAt": "2020-08-27T04:24:56.103Z",
        "_modifiedAt": "2020-08-27T04:24:56.103Z",
        "_lv": 1,
        "deploymentVersion": 2,
        "enabled": true,
        "backendId": "BkvSL9nAI",
        "modelId": "Offer",
        "event": "function beforeSave (event){\n // enabled before save\n}",
        "eventName": "beforeSave",
        "_v": 0
    },
    {
        "_id": "ByW4VnPqwND",
        "_deleted": false,
        "_createdAt": "2020-08-18T04:57:28.213Z",
        "_modifiedAt": "2020-08-18T04:57:28.213Z",
        "_lv": 1,
        "deploymentVersion": 1,
        "enabled": false,
        "backendId": "BkvSL9nAI",
        "modelId": "Organization",
        "event": "function afterDelete (event){\n /* Add Your Logic Here\t\n\t//apis.utility.logger.debug();\n\t*/\n}",
        "eventName": "afterDelete",
        "_v": 0
    },
    {
        "_id": "SkzV4nwcvNv",
        "_deleted": false,
        "_createdAt": "2020-08-18T04:57:28.221Z",
        "_modifiedAt": "2020-08-18T04:57:28.221Z",
        "_lv": 1,
        "deploymentVersion": 1,
        "enabled": false,
        "backendId": "BkvSL9nAI",
        "modelId": "Organization",
        "event": "function afterRead (event){\n /* Add Your Logic Here\t\n\t//apis.utility.logger.debug();\n\t*/\n}",
        "eventName": "afterRead",
        "_v": 0
    },
    {
        "_id": "SkQEV2wqPVv",
        "_deleted": false,
        "_createdAt": "2020-08-18T04:57:28.209Z",
        "_modifiedAt": "2020-08-18T04:57:28.209Z",
        "_lv": 1,
        "deploymentVersion": 1,
        "enabled": false,
        "backendId": "BkvSL9nAI",
        "modelId": "Organization",
        "event": "function afterSave (event){\n /* Add Your Logic Here\t\n\t//apis.utility.logger.debug();\n\t*/\n}",
        "eventName": "afterSave",
        "_v": 0
    },
    {
        "_id": "ryN4E3P5D4P",
        "_deleted": false,
        "_createdAt": "2020-08-18T04:57:28.217Z",
        "_modifiedAt": "2020-08-18T04:57:28.217Z",
        "_lv": 1,
        "deploymentVersion": 1,
        "enabled": false,
        "backendId": "BkvSL9nAI",
        "modelId": "Organization",
        "event": "function beforeDelete (event){\n /* Add Your Logic Here\t\n\t//apis.utility.logger.debug();\n\t*/\n}",
        "eventName": "beforeDelete",
        "_v": 0
    },
    {
        "_id": "rkH4VnD5vNP",
        "_deleted": false,
        "_createdAt": "2020-08-18T04:57:28.206Z",
        "_modifiedAt": "2020-08-18T04:57:28.206Z",
        "_lv": 1,
        "deploymentVersion": 1,
        "enabled": false,
        "backendId": "BkvSL9nAI",
        "modelId": "Organization",
        "event": "function beforeRead (event){\n /* Add Your Logic Here\t\n\t//apis.utility.logger.debug();\n\t*/\n}",
        "eventName": "beforeRead",
        "_v": 0
    },
    {
        "_id": "SyI4Enw9PVP",
        "_deleted": false,
        "_createdAt": "2020-08-18T04:57:28.221Z",
        "_modifiedAt": "2020-08-18T04:57:28.221Z",
        "_lv": 1,
        "deploymentVersion": 1,
        "enabled": false,
        "backendId": "BkvSL9nAI",
        "modelId": "Organization",
        "event": "function beforeSave (event){\n /* Add Your Logic Here\t\n\t//apis.utility.logger.debug();\n\t*/\n}",
        "eventName": "beforeSave",
        "_v": 0
    },
    {
        "_id": "HkDEN3v5wNP",
        "_deleted": false,
        "_createdAt": "2020-08-18T04:57:28.285Z",
        "_modifiedAt": "2020-08-18T04:57:28.285Z",
        "_lv": 1,
        "deploymentVersion": 1,
        "enabled": false,
        "backendId": "BkvSL9nAI",
        "modelId": "OrganizationDomain",
        "event": "function afterDelete (event){\n /* Add Your Logic Here\t\n\t//apis.utility.logger.debug();\n\t*/\n}",
        "eventName": "afterDelete",
        "_v": 0
    },
    {
        "_id": "SJdNVnPcvNP",
        "_deleted": false,
        "_createdAt": "2020-08-18T04:57:28.293Z",
        "_modifiedAt": "2020-08-18T04:57:28.293Z",
        "_lv": 1,
        "deploymentVersion": 1,
        "enabled": false,
        "backendId": "BkvSL9nAI",
        "modelId": "OrganizationDomain",
        "event": "function afterRead (event){\n /* Add Your Logic Here\t\n\t//apis.utility.logger.debug();\n\t*/\n}",
        "eventName": "afterRead",
        "_v": 0
    },
    {
        "_id": "HJFE4hD5PVv",
        "_deleted": false,
        "_createdAt": "2020-08-18T04:57:28.302Z",
        "_modifiedAt": "2020-08-18T04:57:28.302Z",
        "_lv": 1,
        "deploymentVersion": 1,
        "enabled": false,
        "backendId": "BkvSL9nAI",
        "modelId": "OrganizationDomain",
        "event": "function afterSave (event){\n /* Add Your Logic Here\t\n\t//apis.utility.logger.debug();\n\t*/\n}",
        "eventName": "afterSave",
        "_v": 0
    },
    {
        "_id": "ByqEN2DqvNv",
        "_deleted": false,
        "_createdAt": "2020-08-18T04:57:28.295Z",
        "_modifiedAt": "2020-08-18T04:57:28.295Z",
        "_lv": 1,
        "deploymentVersion": 1,
        "enabled": false,
        "backendId": "BkvSL9nAI",
        "modelId": "OrganizationDomain",
        "event": "function beforeDelete (event){\n /* Add Your Logic Here\t\n\t//apis.utility.logger.debug();\n\t*/\n}",
        "eventName": "beforeDelete",
        "_v": 0
    },
    {
        "_id": "H1iNVhD9PEP",
        "_deleted": false,
        "_createdAt": "2020-08-18T04:57:28.255Z",
        "_modifiedAt": "2020-08-18T04:57:28.255Z",
        "_lv": 1,
        "deploymentVersion": 1,
        "enabled": false,
        "backendId": "BkvSL9nAI",
        "modelId": "OrganizationDomain",
        "event": "function beforeRead (event){\n /* Add Your Logic Here\t\n\t//apis.utility.logger.debug();\n\t*/\n}",
        "eventName": "beforeRead",
        "_v": 0
    },
    {
        "_id": "r1nEE3Pcv4D",
        "_deleted": false,
        "_createdAt": "2020-08-18T04:57:28.292Z",
        "_modifiedAt": "2020-08-18T04:57:28.292Z",
        "_lv": 1,
        "deploymentVersion": 1,
        "enabled": false,
        "backendId": "BkvSL9nAI",
        "modelId": "OrganizationDomain",
        "event": "function beforeSave (event){\n /* Add Your Logic Here\t\n\t//apis.utility.logger.debug();\n\t*/\n}",
        "eventName": "beforeSave",
        "_v": 0
    },
    {
        "_id": "SkaVVnv9wNw",
        "_deleted": false,
        "_createdAt": "2020-08-18T04:57:28.301Z",
        "_modifiedAt": "2020-08-18T04:57:28.301Z",
        "_lv": 1,
        "deploymentVersion": 1,
        "enabled": false,
        "backendId": "BkvSL9nAI",
        "modelId": "Rule",
        "event": "function afterDelete (event){\n /* Add Your Logic Here\t\n\t//apis.utility.logger.debug();\n\t*/\n}",
        "eventName": "afterDelete",
        "_v": 0
    },
    {
        "_id": "BJAVN3D9v4P",
        "_deleted": false,
        "_createdAt": "2020-08-18T04:57:28.256Z",
        "_modifiedAt": "2020-08-18T04:57:28.256Z",
        "_lv": 1,
        "deploymentVersion": 1,
        "enabled": false,
        "backendId": "BkvSL9nAI",
        "modelId": "Rule",
        "event": "function afterRead (event){\n /* Add Your Logic Here\t\n\t//apis.utility.logger.debug();\n\t*/\n}",
        "eventName": "afterRead",
        "_v": 0
    },
    {
        "_id": "HkyrEhPqvEv",
        "_deleted": false,
        "_createdAt": "2020-08-18T04:57:28.253Z",
        "_modifiedAt": "2020-08-18T04:57:28.253Z",
        "_lv": 1,
        "deploymentVersion": 1,
        "enabled": false,
        "backendId": "BkvSL9nAI",
        "modelId": "Rule",
        "event": "function afterSave (event){\n /* Add Your Logic Here\t\n\t//apis.utility.logger.debug();\n\t*/\n}",
        "eventName": "afterSave",
        "_v": 0
    },
    {
        "_id": "Hygr4nw5wVv",
        "_deleted": false,
        "_createdAt": "2020-08-18T04:57:28.284Z",
        "_modifiedAt": "2020-08-18T04:57:28.284Z",
        "_lv": 1,
        "deploymentVersion": 1,
        "enabled": false,
        "backendId": "BkvSL9nAI",
        "modelId": "Rule",
        "event": "function beforeDelete (event){\n /* Add Your Logic Here\t\n\t//apis.utility.logger.debug();\n\t*/\n}",
        "eventName": "beforeDelete",
        "_v": 0
    },
    {
        "_id": "ryWHV3v9DVv",
        "_deleted": false,
        "_createdAt": "2020-08-18T04:57:28.294Z",
        "_modifiedAt": "2020-08-18T04:57:28.294Z",
        "_lv": 1,
        "deploymentVersion": 1,
        "enabled": false,
        "backendId": "BkvSL9nAI",
        "modelId": "Rule",
        "event": "function beforeRead (event){\n /* Add Your Logic Here\t\n\t//apis.utility.logger.debug();\n\t*/\n}",
        "eventName": "beforeRead",
        "_v": 0
    },
    {
        "_id": "BkGSEnD5wVD",
        "_deleted": false,
        "_createdAt": "2020-08-18T04:57:28.256Z",
        "_modifiedAt": "2020-08-18T04:57:28.256Z",
        "_lv": 1,
        "deploymentVersion": 1,
        "enabled": false,
        "backendId": "BkvSL9nAI",
        "modelId": "Rule",
        "event": "function beforeSave (event){\n /* Add Your Logic Here\t\n\t//apis.utility.logger.debug();\n\t*/\n}",
        "eventName": "beforeSave",
        "_v": 0
    },
    {
        "_id": "ry7BVhDqPNP",
        "_deleted": false,
        "_createdAt": "2020-08-18T04:57:28.208Z",
        "_modifiedAt": "2020-08-18T04:57:28.208Z",
        "_lv": 1,
        "deploymentVersion": 1,
        "enabled": false,
        "backendId": "BkvSL9nAI",
        "modelId": "User",
        "event": "function afterDelete (event){\n /* Add Your Logic Here\t\n\t//apis.utility.logger.debug();\n\t*/\n}",
        "eventName": "afterDelete",
        "_v": 0
    },
    {
        "_id": "HJNrN3v5PNv",
        "_deleted": false,
        "_createdAt": "2020-08-18T04:57:28.213Z",
        "_modifiedAt": "2020-08-18T04:57:28.213Z",
        "_lv": 1,
        "deploymentVersion": 1,
        "enabled": false,
        "backendId": "BkvSL9nAI",
        "modelId": "User",
        "event": "function afterRead (event){\n /* Add Your Logic Here\t\n\t//apis.utility.logger.debug();\n\t*/\n}",
        "eventName": "afterRead",
        "_v": 0
    },
    {
        "_id": "HkBBE2D9PND",
        "_deleted": false,
        "_createdAt": "2020-08-18T04:57:28.204Z",
        "_modifiedAt": "2020-08-18T04:57:28.204Z",
        "_lv": 1,
        "deploymentVersion": 1,
        "enabled": false,
        "backendId": "BkvSL9nAI",
        "modelId": "User",
        "event": "function afterSave (event){\n /* Add Your Logic Here\t\n\t//apis.utility.logger.debug();\n\t*/\n}",
        "eventName": "afterSave",
        "_v": 0
    },
    {
        "_id": "S1IS43v5DVD",
        "_deleted": false,
        "_createdAt": "2020-08-18T04:57:28.220Z",
        "_modifiedAt": "2020-08-18T04:57:28.220Z",
        "_lv": 1,
        "deploymentVersion": 1,
        "enabled": false,
        "backendId": "BkvSL9nAI",
        "modelId": "User",
        "event": "function beforeDelete (event){\n /* Add Your Logic Here\t\n\t//apis.utility.logger.debug();\n\t*/\n}",
        "eventName": "beforeDelete",
        "_v": 0
    },
    {
        "_id": "H1DSE2DqwEw",
        "_deleted": false,
        "_createdAt": "2020-08-18T04:57:28.216Z",
        "_modifiedAt": "2020-08-18T04:57:28.216Z",
        "_lv": 1,
        "deploymentVersion": 1,
        "enabled": false,
        "backendId": "BkvSL9nAI",
        "modelId": "User",
        "event": "function beforeRead (event){\n /* Add Your Logic Here\t\n\t//apis.utility.logger.debug();\n\t*/\n}",
        "eventName": "beforeRead",
        "_v": 0
    },
    {
        "_id": "BydBVhw5vND",
        "_deleted": false,
        "_createdAt": "2020-08-18T04:57:28.212Z",
        "_modifiedAt": "2020-08-18T04:57:28.212Z",
        "_lv": 1,
        "deploymentVersion": 1,
        "enabled": false,
        "backendId": "BkvSL9nAI",
        "modelId": "User",
        "event": "function beforeSave (event){\n /* Add Your Logic Here\t\n\t//apis.utility.logger.debug();\n\t*/\n}",
        "eventName": "beforeSave",
        "_v": 0
    },
    {
        "_id": "rktBV2vqDVw",
        "_deleted": false,
        "_createdAt": "2020-08-18T04:57:28.219Z",
        "_modifiedAt": "2020-08-18T04:57:28.219Z",
        "_lv": 1,
        "deploymentVersion": 1,
        "enabled": false,
        "backendId": "BkvSL9nAI",
        "modelId": "Workflow",
        "event": "function afterDelete (event){\n /* Add Your Logic Here\t\n\t//apis.utility.logger.debug();\n\t*/\n}",
        "eventName": "afterDelete",
        "_v": 0
    },
    {
        "_id": "S15BN2D9vND",
        "_deleted": false,
        "_createdAt": "2020-08-18T04:57:28.215Z",
        "_modifiedAt": "2020-08-18T04:57:28.215Z",
        "_lv": 1,
        "deploymentVersion": 1,
        "enabled": false,
        "backendId": "BkvSL9nAI",
        "modelId": "Workflow",
        "event": "function afterRead (event){\n /* Add Your Logic Here\t\n\t//apis.utility.logger.debug();\n\t*/\n}",
        "eventName": "afterRead",
        "_v": 0
    },
    {
        "_id": "SJjHNnw9v4v",
        "_deleted": false,
        "_createdAt": "2020-08-18T04:57:28.212Z",
        "_modifiedAt": "2020-08-18T04:57:28.212Z",
        "_lv": 1,
        "deploymentVersion": 1,
        "enabled": false,
        "backendId": "BkvSL9nAI",
        "modelId": "Workflow",
        "event": "function afterSave (event){\n /* Add Your Logic Here\t\n\t//apis.utility.logger.debug();\n\t*/\n}",
        "eventName": "afterSave",
        "_v": 0
    },
    {
        "_id": "Sk2H43P9wEP",
        "_deleted": false,
        "_createdAt": "2020-08-18T04:57:28.203Z",
        "_modifiedAt": "2020-08-18T04:57:28.203Z",
        "_lv": 1,
        "deploymentVersion": 1,
        "enabled": false,
        "backendId": "BkvSL9nAI",
        "modelId": "Workflow",
        "event": "function beforeDelete (event){\n /* Add Your Logic Here\t\n\t//apis.utility.logger.debug();\n\t*/\n}",
        "eventName": "beforeDelete",
        "_v": 0
    },
    {
        "_id": "ryprN3w9wND",
        "_deleted": false,
        "_createdAt": "2020-08-18T04:57:28.208Z",
        "_modifiedAt": "2020-08-18T04:57:28.208Z",
        "_lv": 1,
        "deploymentVersion": 1,
        "enabled": false,
        "backendId": "BkvSL9nAI",
        "modelId": "Workflow",
        "event": "function beforeRead (event){\n /* Add Your Logic Here\t\n\t//apis.utility.logger.debug();\n\t*/\n}",
        "eventName": "beforeRead",
        "_v": 0
    },
    {
        "_id": "BJAS43w5vVD",
        "_deleted": false,
        "_createdAt": "2020-08-18T04:57:28.215Z",
        "_modifiedAt": "2020-08-18T04:57:28.215Z",
        "_lv": 1,
        "deploymentVersion": 1,
        "enabled": false,
        "backendId": "BkvSL9nAI",
        "modelId": "Workflow",
        "event": "function beforeSave (event){\n /* Add Your Logic Here\t\n\t//apis.utility.logger.debug();\n\t*/\n}",
        "eventName": "beforeSave",
        "_v": 0
    },
    {
        "_id": "ByJUVhv5P4D",
        "_deleted": false,
        "_createdAt": "2020-08-18T04:57:28.216Z",
        "_modifiedAt": "2020-08-18T04:57:28.216Z",
        "_lv": 1,
        "deploymentVersion": 1,
        "enabled": false,
        "backendId": "BkvSL9nAI",
        "modelId": "jobDetail",
        "event": "function afterDelete (event){\n /* Add Your Logic Here\t\n\t//apis.utility.logger.debug();\n\t*/\n}",
        "eventName": "afterDelete",
        "_v": 0
    },
    {
        "_id": "r1x8VhDcvED",
        "_deleted": false,
        "_createdAt": "2020-08-18T04:57:28.205Z",
        "_modifiedAt": "2020-08-18T04:57:28.205Z",
        "_lv": 1,
        "deploymentVersion": 1,
        "enabled": false,
        "backendId": "BkvSL9nAI",
        "modelId": "jobDetail",
        "event": "function afterRead (event){\n /* Add Your Logic Here\t\n\t//apis.utility.logger.debug();\n\t*/\n}",
        "eventName": "afterRead",
        "_v": 0
    },
    {
        "_id": "SyZINhv5vED",
        "_deleted": false,
        "_createdAt": "2020-08-18T04:57:28.220Z",
        "_modifiedAt": "2020-08-18T04:57:28.220Z",
        "_lv": 1,
        "deploymentVersion": 1,
        "enabled": false,
        "backendId": "BkvSL9nAI",
        "modelId": "jobDetail",
        "event": "function afterSave (event){\n /* Add Your Logic Here\t\n\t//apis.utility.logger.debug();\n\t*/\n}",
        "eventName": "afterSave",
        "_v": 0
    },
    {
        "_id": "Skz84hv9P4v",
        "_deleted": false,
        "_createdAt": "2020-08-18T04:57:28.209Z",
        "_modifiedAt": "2020-08-18T04:57:28.209Z",
        "_lv": 1,
        "deploymentVersion": 1,
        "enabled": false,
        "backendId": "BkvSL9nAI",
        "modelId": "jobDetail",
        "event": "function beforeDelete (event){\n /* Add Your Logic Here\t\n\t//apis.utility.logger.debug();\n\t*/\n}",
        "eventName": "beforeDelete",
        "_v": 0
    },
    {
        "_id": "H1mLV3D5vED",
        "_deleted": false,
        "_createdAt": "2020-08-18T04:57:28.213Z",
        "_modifiedAt": "2020-08-18T04:57:28.213Z",
        "_lv": 1,
        "deploymentVersion": 1,
        "enabled": false,
        "backendId": "BkvSL9nAI",
        "modelId": "jobDetail",
        "event": "function beforeRead (event){\n /* Add Your Logic Here\t\n\t//apis.utility.logger.debug();\n\t*/\n}",
        "eventName": "beforeRead",
        "_v": 0
    },
    {
        "_id": "r1EIVhPqPED",
        "_deleted": false,
        "_createdAt": "2020-08-18T04:57:28.205Z",
        "_modifiedAt": "2020-08-18T04:57:28.205Z",
        "_lv": 1,
        "deploymentVersion": 1,
        "enabled": false,
        "backendId": "BkvSL9nAI",
        "modelId": "jobDetail",
        "event": "function beforeSave (event){\n /* Add Your Logic Here\t\n\t//apis.utility.logger.debug();\n\t*/\n}",
        "eventName": "beforeSave",
        "_v": 0
    },
    {
        "_id": "SySUEnv5PNv",
        "_deleted": false,
        "_createdAt": "2020-08-18T04:57:28.210Z",
        "_modifiedAt": "2020-08-18T04:57:28.210Z",
        "_lv": 1,
        "deploymentVersion": 1,
        "enabled": false,
        "backendId": "BkvSL9nAI",
        "modelId": "mapping",
        "event": "function afterDelete (event){\n /* Add Your Logic Here\t\n\t//apis.utility.logger.debug();\n\t*/\n}",
        "eventName": "afterDelete",
        "_v": 0
    },
    {
        "_id": "HkL8Nnvqv4w",
        "_deleted": false,
        "_createdAt": "2020-08-18T04:57:28.218Z",
        "_modifiedAt": "2020-08-18T04:57:28.218Z",
        "_lv": 1,
        "deploymentVersion": 1,
        "enabled": false,
        "backendId": "BkvSL9nAI",
        "modelId": "mapping",
        "event": "function afterRead (event){\n /* Add Your Logic Here\t\n\t//apis.utility.logger.debug();\n\t*/\n}",
        "eventName": "afterRead",
        "_v": 0
    },
    {
        "_id": "S1D843PqPED",
        "_deleted": false,
        "_createdAt": "2020-08-18T04:57:28.206Z",
        "_modifiedAt": "2020-08-18T04:57:28.206Z",
        "_lv": 1,
        "deploymentVersion": 1,
        "enabled": false,
        "backendId": "BkvSL9nAI",
        "modelId": "mapping",
        "event": "function afterSave (event){\n /* Add Your Logic Here\t\n\t//apis.utility.logger.debug();\n\t*/\n}",
        "eventName": "afterSave",
        "_v": 0
    },
    {
        "_id": "Sk_8E3DcwVv",
        "_deleted": false,
        "_createdAt": "2020-08-18T04:57:28.214Z",
        "_modifiedAt": "2020-08-18T04:57:28.214Z",
        "_lv": 1,
        "deploymentVersion": 1,
        "enabled": false,
        "backendId": "BkvSL9nAI",
        "modelId": "mapping",
        "event": "function beforeDelete (event){\n /* Add Your Logic Here\t\n\t//apis.utility.logger.debug();\n\t*/\n}",
        "eventName": "beforeDelete",
        "_v": 0
    },
    {
        "_id": "BkYU42v5vND",
        "_deleted": false,
        "_createdAt": "2020-08-18T04:57:28.193Z",
        "_modifiedAt": "2020-08-18T04:57:28.193Z",
        "_lv": 1,
        "deploymentVersion": 1,
        "enabled": false,
        "backendId": "BkvSL9nAI",
        "modelId": "mapping",
        "event": "function beforeRead (event){\n /* Add Your Logic Here\t\n\t//apis.utility.logger.debug();\n\t*/\n}",
        "eventName": "beforeRead",
        "_v": 0
    },
    {
        "_id": "ryqUV3DcvNv",
        "_deleted": false,
        "_createdAt": "2020-08-18T04:57:28.217Z",
        "_modifiedAt": "2020-08-18T04:57:28.217Z",
        "_lv": 1,
        "deploymentVersion": 1,
        "enabled": false,
        "backendId": "BkvSL9nAI",
        "modelId": "mapping",
        "event": "function beforeSave (event){\n /* Add Your Logic Here\t\n\t//apis.utility.logger.debug();\n\t*/\n}",
        "eventName": "beforeSave",
        "_v": 0
    },
    {
        "_id": "SkoIVhv9wND",
        "_deleted": true,
        "_createdAt": "2020-09-08T10:47:47.120Z",
        "_modifiedAt": "2020-09-08T10:47:47.120Z",
        "_lv": 1,
        "deploymentVersion": 10,
        "enabled": false,
        "backendId": "BkvSL9nAI",
        "modelId": "rtyrtyrty",
        "event": "function afterDelete (event){\n /* Add Your Logic Here\t\n\t//apis.utility.logger.debug();\n\t*/\n}",
        "eventName": "afterDelete",
        "_v": 0
    },
    {
        "_id": "By3IE2P9wEv",
        "_deleted": true,
        "_createdAt": "2020-09-08T10:47:47.122Z",
        "_modifiedAt": "2020-09-08T10:47:47.122Z",
        "_lv": 1,
        "deploymentVersion": 10,
        "enabled": false,
        "backendId": "BkvSL9nAI",
        "modelId": "rtyrtyrty",
        "event": "function afterRead (event){\n /* Add Your Logic Here\t\n\t//apis.utility.logger.debug();\n\t*/\n}",
        "eventName": "afterRead",
        "_v": 0
    },
    {
        "_id": "SyaIN3P9DNw",
        "_deleted": true,
        "_createdAt": "2020-09-08T10:47:47.103Z",
        "_modifiedAt": "2020-09-08T10:47:47.103Z",
        "_lv": 1,
        "deploymentVersion": 10,
        "enabled": false,
        "backendId": "BkvSL9nAI",
        "modelId": "rtyrtyrty",
        "event": "function afterSave (event){\n /* Add Your Logic Here\t\n\t//apis.utility.logger.debug();\n\t*/\n}",
        "eventName": "afterSave",
        "_v": 0
    },
    {
        "_id": "BJRUEnvcP4v",
        "_deleted": true,
        "_createdAt": "2020-09-08T10:47:47.120Z",
        "_modifiedAt": "2020-09-08T10:47:47.120Z",
        "_lv": 1,
        "deploymentVersion": 10,
        "enabled": false,
        "backendId": "BkvSL9nAI",
        "modelId": "rtyrtyrty",
        "event": "function beforeDelete (event){\n /* Add Your Logic Here\t\n\t//apis.utility.logger.debug();\n\t*/\n}",
        "eventName": "beforeDelete",
        "_v": 0
    },
    {
        "_id": "SkJwE2w5PVw",
        "_deleted": true,
        "_createdAt": "2020-09-08T10:47:47.122Z",
        "_modifiedAt": "2020-09-08T10:47:47.122Z",
        "_lv": 1,
        "deploymentVersion": 10,
        "enabled": false,
        "backendId": "BkvSL9nAI",
        "modelId": "rtyrtyrty",
        "event": "function beforeRead (event){\n /* Add Your Logic Here\t\n\t//apis.utility.logger.debug();\n\t*/\n}",
        "eventName": "beforeRead",
        "_v": 0
    },
    {
        "_id": "H1lw4hvqDNw",
        "_deleted": true,
        "_createdAt": "2020-09-08T10:47:47.108Z",
        "_modifiedAt": "2020-09-08T10:47:47.108Z",
        "_lv": 1,
        "deploymentVersion": 10,
        "enabled": false,
        "backendId": "BkvSL9nAI",
        "modelId": "rtyrtyrty",
        "event": "function beforeSave (event){\n /* Add Your Logic Here\t\n\t//apis.utility.logger.debug();\n\t*/\n}",
        "eventName": "beforeSave",
        "_v": 0
    },
    {
        "_id": "H1-DEnP9DEv",
        "_deleted": false,
        "_createdAt": "2020-08-18T04:57:28.255Z",
        "_modifiedAt": "2020-08-18T04:57:28.255Z",
        "_lv": 1,
        "deploymentVersion": 1,
        "enabled": false,
        "backendId": "BkvSL9nAI",
        "modelId": "s3ObjectRoleMapping",
        "event": "function afterDelete (event){\n /* Add Your Logic Here\t\n\t//apis.utility.logger.debug();\n\t*/\n}",
        "eventName": "afterDelete",
        "_v": 0
    },
    {
        "_id": "HkzvVnwcvVv",
        "_deleted": false,
        "_createdAt": "2020-08-18T04:57:28.303Z",
        "_modifiedAt": "2020-08-18T04:57:28.303Z",
        "_lv": 1,
        "deploymentVersion": 1,
        "enabled": false,
        "backendId": "BkvSL9nAI",
        "modelId": "s3ObjectRoleMapping",
        "event": "function afterRead (event){\n /* Add Your Logic Here\t\n\t//apis.utility.logger.debug();\n\t*/\n}",
        "eventName": "afterRead",
        "_v": 0
    },
    {
        "_id": "Sk7wN3vcDEv",
        "_deleted": false,
        "_createdAt": "2020-08-18T04:57:28.296Z",
        "_modifiedAt": "2020-08-18T04:57:28.296Z",
        "_lv": 1,
        "deploymentVersion": 1,
        "enabled": false,
        "backendId": "BkvSL9nAI",
        "modelId": "s3ObjectRoleMapping",
        "event": "function afterSave (event){\n /* Add Your Logic Here\t\n\t//apis.utility.logger.debug();\n\t*/\n}",
        "eventName": "afterSave",
        "_v": 0
    },
    {
        "_id": "HkEwVnw5DVw",
        "_deleted": false,
        "_createdAt": "2020-08-18T04:57:28.286Z",
        "_modifiedAt": "2020-08-18T04:57:28.286Z",
        "_lv": 1,
        "deploymentVersion": 1,
        "enabled": false,
        "backendId": "BkvSL9nAI",
        "modelId": "s3ObjectRoleMapping",
        "event": "function beforeDelete (event){\n /* Add Your Logic Here\t\n\t//apis.utility.logger.debug();\n\t*/\n}",
        "eventName": "beforeDelete",
        "_v": 0
    },
    {
        "_id": "BJHvNhv9DEv",
        "_deleted": false,
        "_createdAt": "2020-08-18T04:57:28.293Z",
        "_modifiedAt": "2020-08-18T04:57:28.293Z",
        "_lv": 1,
        "deploymentVersion": 1,
        "enabled": false,
        "backendId": "BkvSL9nAI",
        "modelId": "s3ObjectRoleMapping",
        "event": "function beforeRead (event){\n /* Add Your Logic Here\t\n\t//apis.utility.logger.debug();\n\t*/\n}",
        "eventName": "beforeRead",
        "_v": 0
    },
    {
        "_id": "Hk8PVnD9v4w",
        "_deleted": false,
        "_createdAt": "2020-08-18T04:57:28.302Z",
        "_modifiedAt": "2020-08-18T04:57:28.302Z",
        "_lv": 1,
        "deploymentVersion": 1,
        "enabled": false,
        "backendId": "BkvSL9nAI",
        "modelId": "s3ObjectRoleMapping",
        "event": "function beforeSave (event){\n /* Add Your Logic Here\t\n\t//apis.utility.logger.debug();\n\t*/\n}",
        "eventName": "beforeSave",
        "_v": 0
    },
    {
        "_id": "r1vPEhP5wNw",
        "_deleted": true,
        "_createdAt": "2020-09-08T10:28:23.214Z",
        "_modifiedAt": "2020-09-08T10:28:23.214Z",
        "_lv": 1,
        "deploymentVersion": 8,
        "enabled": false,
        "backendId": "BkvSL9nAI",
        "modelId": "singh",
        "event": "function afterDelete (event){\n /* Add Your Logic Here\t\n\t//apis.utility.logger.debug();\n\t*/\n}",
        "eventName": "afterDelete",
        "_v": 0
    },
    {
        "_id": "ryuwV3D9DNw",
        "_deleted": true,
        "_createdAt": "2020-09-08T10:28:23.216Z",
        "_modifiedAt": "2020-09-08T10:28:23.216Z",
        "_lv": 1,
        "deploymentVersion": 8,
        "enabled": false,
        "backendId": "BkvSL9nAI",
        "modelId": "singh",
        "event": "function afterRead (event){\n /* Add Your Logic Here\t\n\t//apis.utility.logger.debug();\n\t*/\n}",
        "eventName": "afterRead",
        "_v": 0
    },
    {
        "_id": "S1YDEhv9P4P",
        "_deleted": true,
        "_createdAt": "2020-09-08T10:28:23.210Z",
        "_modifiedAt": "2020-09-08T10:28:23.210Z",
        "_lv": 1,
        "deploymentVersion": 8,
        "enabled": false,
        "backendId": "BkvSL9nAI",
        "modelId": "singh",
        "event": "function afterSave (event){\n /* Add Your Logic Here\t\n\t//apis.utility.logger.debug();\n\t*/\n}",
        "eventName": "afterSave",
        "_v": 0
    },
    {
        "_id": "r1cD42D9vVv",
        "_deleted": true,
        "_createdAt": "2020-09-08T10:28:23.204Z",
        "_modifiedAt": "2020-09-08T10:28:23.204Z",
        "_lv": 1,
        "deploymentVersion": 8,
        "enabled": false,
        "backendId": "BkvSL9nAI",
        "modelId": "singh",
        "event": "function beforeDelete (event){\n /* Add Your Logic Here\t\n\t//apis.utility.logger.debug();\n\t*/\n}",
        "eventName": "beforeDelete",
        "_v": 0
    },
    {
        "_id": "ByswVhP9PEv",
        "_deleted": true,
        "_createdAt": "2020-09-08T10:28:23.215Z",
        "_modifiedAt": "2020-09-08T10:28:23.215Z",
        "_lv": 1,
        "deploymentVersion": 8,
        "enabled": false,
        "backendId": "BkvSL9nAI",
        "modelId": "singh",
        "event": "function beforeRead (event){\n /* Add Your Logic Here\t\n\t//apis.utility.logger.debug();\n\t*/\n}",
        "eventName": "beforeRead",
        "_v": 0
    },
    {
        "_id": "r1hw4hD5vVP",
        "_deleted": true,
        "_createdAt": "2020-09-08T10:28:23.210Z",
        "_modifiedAt": "2020-09-08T10:28:23.210Z",
        "_lv": 1,
        "deploymentVersion": 8,
        "enabled": false,
        "backendId": "BkvSL9nAI",
        "modelId": "singh",
        "event": "function beforeSave (event){\n /* Add Your Logic Here\t\n\t//apis.utility.logger.debug();\n\t*/\n}",
        "eventName": "beforeSave",
        "_v": 0
    },
    {
        "_id": "Bk6vN3DqPNw",
        "_deleted": false,
        "_createdAt": "2020-09-09T10:48:04.833Z",
        "_modifiedAt": "2020-09-09T10:48:04.833Z",
        "_lv": 1,
        "deploymentVersion": 17,
        "enabled": false,
        "backendId": "BkvSL9nAI",
        "modelId": "smile",
        "event": "function afterDelete (event){\n /* Add Your Logic Here\t\n\t//apis.utility.logger.debug();\n\t*/\n}",
        "eventName": "afterDelete",
        "_v": 0
    },
    {
        "_id": "Bk0PEhw5PVP",
        "_deleted": false,
        "_createdAt": "2020-09-09T10:48:04.835Z",
        "_modifiedAt": "2020-09-09T10:48:04.835Z",
        "_lv": 1,
        "deploymentVersion": 17,
        "enabled": false,
        "backendId": "BkvSL9nAI",
        "modelId": "smile",
        "event": "function afterRead (event){\n /* Add Your Logic Here\t\n\t//apis.utility.logger.debug();\n\t*/\n}",
        "eventName": "afterRead",
        "_v": 0
    },
    {
        "_id": "ByydNhv9w4w",
        "_deleted": false,
        "_createdAt": "2020-09-09T10:48:04.819Z",
        "_modifiedAt": "2020-09-09T10:48:04.819Z",
        "_lv": 1,
        "deploymentVersion": 17,
        "enabled": false,
        "backendId": "BkvSL9nAI",
        "modelId": "smile",
        "event": "function afterSave (event){\n /* Add Your Logic Here\t\n\t//apis.utility.logger.debug();\n\t*/\n}",
        "eventName": "afterSave",
        "_v": 0
    },
    {
        "_id": "B1l_E3w5P4w",
        "_deleted": false,
        "_createdAt": "2020-09-09T10:48:04.830Z",
        "_modifiedAt": "2020-09-09T10:48:04.830Z",
        "_lv": 1,
        "deploymentVersion": 17,
        "enabled": false,
        "backendId": "BkvSL9nAI",
        "modelId": "smile",
        "event": "function beforeDelete (event){\n /* Add Your Logic Here\t\n\t//apis.utility.logger.debug();\n\t*/\n}",
        "eventName": "beforeDelete",
        "_v": 0
    },
    {
        "_id": "SJZuV3wcwNP",
        "_deleted": false,
        "_createdAt": "2020-09-09T10:48:04.831Z",
        "_modifiedAt": "2020-09-09T10:48:04.831Z",
        "_lv": 1,
        "deploymentVersion": 17,
        "enabled": false,
        "backendId": "BkvSL9nAI",
        "modelId": "smile",
        "event": "function beforeRead (event){\n /* Add Your Logic Here\t\n\t//apis.utility.logger.debug();\n\t*/\n}",
        "eventName": "beforeRead",
        "_v": 0
    },
    {
        "_id": "BJMd42w5vEw",
        "_deleted": false,
        "_createdAt": "2020-09-09T10:48:04.812Z",
        "_modifiedAt": "2020-09-09T10:48:04.812Z",
        "_lv": 1,
        "deploymentVersion": 17,
        "enabled": false,
        "backendId": "BkvSL9nAI",
        "modelId": "smile",
        "event": "function beforeSave (event){\n /* Add Your Logic Here\t\n\t//apis.utility.logger.debug();\n\t*/\n}",
        "eventName": "beforeSave",
        "_v": 0
    }
]