[
    {
        "_id": "rygl4_cvEv",
        "_deleted": false,
        "_createdAt": "2020-08-18T04:57:28.295Z",
        "_modifiedAt": "2020-08-18T04:57:28.295Z",
        "_lv": 1,
        "deploymentVersion": 1,
        "enabled": false,
        "backendId": "BkvSL9nAI",
        "modelId": "AccessKey",
        "event": "function afterDelete (event){\n /* Add Your Logic Here\t\n\t//apis.utility.logger.debug();\n\t*/\n}",
        "eventName": "afterDelete",
        "_v": 0
    },
    {
        "_id": "SJblNdqDVD",
        "_deleted": false,
        "_createdAt": "2020-08-18T04:57:28.254Z",
        "_modifiedAt": "2020-08-18T04:57:28.254Z",
        "_lv": 1,
        "deploymentVersion": 1,
        "enabled": false,
        "backendId": "BkvSL9nAI",
        "modelId": "AccessKey",
        "event": "function afterRead (event){\n /* Add Your Logic Here\t\n\t//apis.utility.logger.debug();\n\t*/\n}",
        "eventName": "afterRead",
        "_v": 0
    },
    {
        "_id": "S1feEO5wVD",
        "_deleted": false,
        "_createdAt": "2020-08-18T04:57:28.285Z",
        "_modifiedAt": "2020-08-18T04:57:28.285Z",
        "_lv": 1,
        "deploymentVersion": 1,
        "enabled": false,
        "backendId": "BkvSL9nAI",
        "modelId": "AccessKey",
        "event": "function afterSave (event){\n /* Add Your Logic Here\t\n\t//apis.utility.logger.debug();\n\t*/\n}",
        "eventName": "afterSave",
        "_v": 0
    },
    {
        "_id": "SJmxEO5vND",
        "_deleted": false,
        "_createdAt": "2020-08-18T04:57:28.301Z",
        "_modifiedAt": "2020-08-18T04:57:28.301Z",
        "_lv": 1,
        "deploymentVersion": 1,
        "enabled": false,
        "backendId": "BkvSL9nAI",
        "modelId": "AccessKey",
        "event": "function beforeDelete (event){\n /* Add Your Logic Here\t\n\t//apis.utility.logger.debug();\n\t*/\n}",
        "eventName": "beforeDelete",
        "_v": 0
    },
    {
        "_id": "S1NxN_5PEP",
        "_deleted": false,
        "_createdAt": "2020-08-18T04:57:28.257Z",
        "_modifiedAt": "2020-08-18T04:57:28.257Z",
        "_lv": 1,
        "deploymentVersion": 1,
        "enabled": false,
        "backendId": "BkvSL9nAI",
        "modelId": "AccessKey",
        "event": "function beforeRead (event){\n /* Add Your Logic Here\t\n\t//apis.utility.logger.debug();\n\t*/\n}",
        "eventName": "beforeRead",
        "_v": 0
    },
    {
        "_id": "rkBlN_9vVP",
        "_deleted": false,
        "_createdAt": "2020-08-18T04:57:28.254Z",
        "_modifiedAt": "2020-08-18T04:57:28.254Z",
        "_lv": 1,
        "deploymentVersion": 1,
        "enabled": false,
        "backendId": "BkvSL9nAI",
        "modelId": "AccessKey",
        "event": "function beforeSave (event){\n /* Add Your Logic Here\t\n\t//apis.utility.logger.debug();\n\t*/\n}",
        "eventName": "beforeSave",
        "_v": 0
    },
    {
        "_id": "Sk8l4uqvNv",
        "_deleted": false,
        "_createdAt": "2020-08-18T04:57:28.200Z",
        "_modifiedAt": "2020-08-18T04:57:28.200Z",
        "_lv": 1,
        "deploymentVersion": 1,
        "enabled": false,
        "backendId": "BkvSL9nAI",
        "modelId": "Attachment",
        "event": "function afterDelete (event){\n /* Add Your Logic Here\t\n\t//apis.utility.logger.debug();\n\t*/\n}",
        "eventName": "afterDelete",
        "_v": 0
    },
    {
        "_id": "BkDe4_9P4P",
        "_deleted": false,
        "_createdAt": "2020-08-18T04:57:28.207Z",
        "_modifiedAt": "2020-08-18T04:57:28.207Z",
        "_lv": 1,
        "deploymentVersion": 1,
        "enabled": false,
        "backendId": "BkvSL9nAI",
        "modelId": "Attachment",
        "event": "function afterRead (event){\n /* Add Your Logic Here\t\n\t//apis.utility.logger.debug();\n\t*/\n}",
        "eventName": "afterRead",
        "_v": 0
    },
    {
        "_id": "r1_xEO9DED",
        "_deleted": false,
        "_createdAt": "2020-08-18T04:57:28.215Z",
        "_modifiedAt": "2020-08-18T04:57:28.215Z",
        "_lv": 1,
        "deploymentVersion": 1,
        "enabled": false,
        "backendId": "BkvSL9nAI",
        "modelId": "Attachment",
        "event": "function afterSave (event){\n /* Add Your Logic Here\t\n\t//apis.utility.logger.debug();\n\t*/\n}",
        "eventName": "afterSave",
        "_v": 0
    },
    {
        "_id": "r1FlVO5DVD",
        "_deleted": false,
        "_createdAt": "2020-08-18T04:57:28.211Z",
        "_modifiedAt": "2020-08-18T04:57:28.211Z",
        "_lv": 1,
        "deploymentVersion": 1,
        "enabled": false,
        "backendId": "BkvSL9nAI",
        "modelId": "Attachment",
        "event": "function beforeDelete (event){\n /* Add Your Logic Here\t\n\t//apis.utility.logger.debug();\n\t*/\n}",
        "eventName": "beforeDelete",
        "_v": 0
    },
    {
        "_id": "r1qgVO5DVw",
        "_deleted": false,
        "_createdAt": "2020-08-18T04:57:28.218Z",
        "_modifiedAt": "2020-08-18T04:57:28.218Z",
        "_lv": 1,
        "deploymentVersion": 1,
        "enabled": false,
        "backendId": "BkvSL9nAI",
        "modelId": "Attachment",
        "event": "function beforeRead (event){\n /* Add Your Logic Here\t\n\t//apis.utility.logger.debug();\n\t*/\n}",
        "eventName": "beforeRead",
        "_v": 0
    },
    {
        "_id": "BJigE_cwEP",
        "_deleted": false,
        "_createdAt": "2020-08-18T04:57:28.207Z",
        "_modifiedAt": "2020-08-18T04:57:28.207Z",
        "_lv": 1,
        "deploymentVersion": 1,
        "enabled": false,
        "backendId": "BkvSL9nAI",
        "modelId": "Attachment",
        "event": "function beforeSave (event){\n /* Add Your Logic Here\t\n\t//apis.utility.logger.debug();\n\t*/\n}",
        "eventName": "beforeSave",
        "_v": 0
    },
    {
        "_id": "Bk3gE_9P4D",
        "_deleted": false,
        "_createdAt": "2020-08-18T04:57:28.206Z",
        "_modifiedAt": "2020-08-18T04:57:28.206Z",
        "_lv": 1,
        "deploymentVersion": 1,
        "enabled": false,
        "backendId": "BkvSL9nAI",
        "modelId": "Connection",
        "event": "function afterDelete (event){\n /* Add Your Logic Here\t\n\t//apis.utility.logger.debug();\n\t*/\n}",
        "eventName": "afterDelete",
        "_v": 0
    },
    {
        "_id": "By6eNdqwNP",
        "_deleted": false,
        "_createdAt": "2020-08-18T04:57:28.210Z",
        "_modifiedAt": "2020-08-18T04:57:28.210Z",
        "_lv": 1,
        "deploymentVersion": 1,
        "enabled": false,
        "backendId": "BkvSL9nAI",
        "modelId": "Connection",
        "event": "function afterRead (event){\n /* Add Your Logic Here\t\n\t//apis.utility.logger.debug();\n\t*/\n}",
        "eventName": "afterRead",
        "_v": 0
    },
    {
        "_id": "ByAgV_5PNP",
        "_deleted": false,
        "_createdAt": "2020-08-18T04:57:28.217Z",
        "_modifiedAt": "2020-08-18T04:57:28.217Z",
        "_lv": 1,
        "deploymentVersion": 1,
        "enabled": false,
        "backendId": "BkvSL9nAI",
        "modelId": "Connection",
        "event": "function afterSave (event){\n /* Add Your Logic Here\t\n\t//apis.utility.logger.debug();\n\t*/\n}",
        "eventName": "afterSave",
        "_v": 0
    },
    {
        "_id": "BJ1lxEdqP4D",
        "_deleted": false,
        "_createdAt": "2020-08-18T04:57:28.214Z",
        "_modifiedAt": "2020-08-18T04:57:28.214Z",
        "_lv": 1,
        "deploymentVersion": 1,
        "enabled": false,
        "backendId": "BkvSL9nAI",
        "modelId": "Connection",
        "event": "function beforeDelete (event){\n /* Add Your Logic Here\t\n\t//apis.utility.logger.debug();\n\t*/\n}",
        "eventName": "beforeDelete",
        "_v": 0
    },
    {
        "_id": "SklxeV_9DVw",
        "_deleted": false,
        "_createdAt": "2020-08-18T04:57:28.222Z",
        "_modifiedAt": "2020-08-18T04:57:28.222Z",
        "_lv": 1,
        "deploymentVersion": 1,
        "enabled": false,
        "backendId": "BkvSL9nAI",
        "modelId": "Connection",
        "event": "function beforeRead (event){\n /* Add Your Logic Here\t\n\t//apis.utility.logger.debug();\n\t*/\n}",
        "eventName": "beforeRead",
        "_v": 0
    },
    {
        "_id": "HyZxeV_cPNv",
        "_deleted": false,
        "_createdAt": "2020-08-18T04:57:28.209Z",
        "_modifiedAt": "2020-08-18T04:57:28.209Z",
        "_lv": 1,
        "deploymentVersion": 1,
        "enabled": false,
        "backendId": "BkvSL9nAI",
        "modelId": "Connection",
        "event": "function beforeSave (event){\n /* Add Your Logic Here\t\n\t//apis.utility.logger.debug();\n\t*/\n}",
        "eventName": "beforeSave",
        "_v": 0
    },
    {
        "_id": "HkzleVd5vEv",
        "_deleted": false,
        "_createdAt": "2020-09-09T04:07:54.375Z",
        "_modifiedAt": "2020-09-09T04:07:54.375Z",
        "_lv": 1,
        "deploymentVersion": 11,
        "enabled": false,
        "backendId": "BkvSL9nAI",
        "modelId": "LifeOfPie",
        "event": "function afterDelete (event){\n /* Add Your Logic Here\t\n\t//apis.utility.logger.debug();\n\t*/\n}",
        "eventName": "afterDelete",
        "_v": 0
    },
    {
        "_id": "SyXeg4_cvNP",
        "_deleted": false,
        "_createdAt": "2020-09-09T04:07:54.373Z",
        "_modifiedAt": "2020-09-09T04:07:54.373Z",
        "_lv": 1,
        "deploymentVersion": 11,
        "enabled": false,
        "backendId": "BkvSL9nAI",
        "modelId": "LifeOfPie",
        "event": "function afterRead (event){\n /* Add Your Logic Here\t\n\t//apis.utility.logger.debug();\n\t*/\n}",
        "eventName": "afterRead",
        "_v": 0
    },
    {
        "_id": "BJVggNd9DVw",
        "_deleted": false,
        "_createdAt": "2020-09-09T04:07:54.372Z",
        "_modifiedAt": "2020-09-09T04:07:54.372Z",
        "_lv": 1,
        "deploymentVersion": 11,
        "enabled": false,
        "backendId": "BkvSL9nAI",
        "modelId": "LifeOfPie",
        "event": "function afterSave (event){\n /* Add Your Logic Here\t\n\t//apis.utility.logger.debug();\n\t*/\n}",
        "eventName": "afterSave",
        "_v": 0
    },
    {
        "_id": "BJBeeVuqw4w",
        "_deleted": false,
        "_createdAt": "2020-09-09T04:07:54.371Z",
        "_modifiedAt": "2020-09-09T04:07:54.371Z",
        "_lv": 1,
        "deploymentVersion": 11,
        "enabled": false,
        "backendId": "BkvSL9nAI",
        "modelId": "LifeOfPie",
        "event": "function beforeDelete (event){\n /* Add Your Logic Here\t\n\t//apis.utility.logger.debug();\n\t*/\n}",
        "eventName": "beforeDelete",
        "_v": 0
    },
    {
        "_id": "HJ8geV_5DNv",
        "_deleted": false,
        "_createdAt": "2020-09-09T04:07:54.364Z",
        "_modifiedAt": "2020-09-09T04:07:54.364Z",
        "_lv": 1,
        "deploymentVersion": 11,
        "enabled": false,
        "backendId": "BkvSL9nAI",
        "modelId": "LifeOfPie",
        "event": "function beforeRead (event){\n /* Add Your Logic Here\t\n\t//apis.utility.logger.debug();\n\t*/\n}",
        "eventName": "beforeRead",
        "_v": 0
    },
    {
        "_id": "ByDxeVuqvEw",
        "_deleted": false,
        "_createdAt": "2020-09-09T04:07:54.371Z",
        "_modifiedAt": "2020-09-09T04:07:54.371Z",
        "_lv": 1,
        "deploymentVersion": 11,
        "enabled": false,
        "backendId": "BkvSL9nAI",
        "modelId": "LifeOfPie",
        "event": "function beforeSave (event){\n /* Add Your Logic Here\t\n\t//apis.utility.logger.debug();\n\t*/\n}",
        "eventName": "beforeSave",
        "_v": 0
    },
    {
        "_id": "rkOlg4d9w4v",
        "_deleted": false,
        "_createdAt": "2020-09-09T06:46:33.634Z",
        "_modifiedAt": "2020-09-09T06:46:33.634Z",
        "_lv": 1,
        "deploymentVersion": 13,
        "enabled": false,
        "backendId": "BkvSL9nAI",
        "modelId": "ModelOne",
        "event": "function afterDelete (event){\n /* Add Your Logic Here\t\n\t//apis.utility.logger.debug();\n\t*/\n}",
        "eventName": "afterDelete",
        "_v": 0
    },
    {
        "_id": "HkFgg4_5wVD",
        "_deleted": false,
        "_createdAt": "2020-09-09T06:46:33.634Z",
        "_modifiedAt": "2020-09-09T06:46:33.634Z",
        "_lv": 1,
        "deploymentVersion": 13,
        "enabled": false,
        "backendId": "BkvSL9nAI",
        "modelId": "ModelOne",
        "event": "function afterRead (event){\n /* Add Your Logic Here\t\n\t//apis.utility.logger.debug();\n\t*/\n}",
        "eventName": "afterRead",
        "_v": 0
    },
    {
        "_id": "Syqeg4u5wEP",
        "_deleted": false,
        "_createdAt": "2020-09-09T06:46:33.633Z",
        "_modifiedAt": "2020-09-09T06:46:33.633Z",
        "_lv": 1,
        "deploymentVersion": 13,
        "enabled": false,
        "backendId": "BkvSL9nAI",
        "modelId": "ModelOne",
        "event": "function afterSave (event){\n /* Add Your Logic Here\t\n\t//apis.utility.logger.debug();\n\t*/\n}",
        "eventName": "afterSave",
        "_v": 0
    },
    {
        "_id": "SkielEd5vED",
        "_deleted": false,
        "_createdAt": "2020-09-09T06:46:33.635Z",
        "_modifiedAt": "2020-09-09T06:46:33.635Z",
        "_lv": 1,
        "deploymentVersion": 13,
        "enabled": false,
        "backendId": "BkvSL9nAI",
        "modelId": "ModelOne",
        "event": "function beforeDelete (event){\n /* Add Your Logic Here\t\n\t//apis.utility.logger.debug();\n\t*/\n}",
        "eventName": "beforeDelete",
        "_v": 0
    },
    {
        "_id": "HyheeNu9wED",
        "_deleted": false,
        "_createdAt": "2020-09-09T06:46:33.632Z",
        "_modifiedAt": "2020-09-09T06:46:33.632Z",
        "_lv": 1,
        "deploymentVersion": 13,
        "enabled": true,
        "backendId": "BkvSL9nAI",
        "modelId": "ModelOne",
        "event": "function beforeRead (event){\n\n\tconsole.log(\"hello\")\n\n}",
        "eventName": "beforeRead",
        "_v": 0
    },
    {
        "_id": "BJTxe4Oqv4D",
        "_deleted": false,
        "_createdAt": "2020-09-09T06:46:33.634Z",
        "_modifiedAt": "2020-09-09T06:46:33.634Z",
        "_lv": 1,
        "deploymentVersion": 13,
        "enabled": false,
        "backendId": "BkvSL9nAI",
        "modelId": "ModelOne",
        "event": "function beforeSave (event){\n /* Add Your Logic Here\t\n\t//apis.utility.logger.debug();\n\t*/\n}",
        "eventName": "beforeSave",
        "_v": 0
    },
    {
        "_id": "Sy0exVucP4w",
        "_deleted": false,
        "_createdAt": "2020-09-09T06:33:17.011Z",
        "_modifiedAt": "2020-09-09T06:33:17.011Z",
        "_lv": 1,
        "deploymentVersion": 12,
        "enabled": false,
        "backendId": "BkvSL9nAI",
        "modelId": "ModelZero",
        "event": "function afterDelete (event){\n /* Add Your Logic Here\t\n\t//apis.utility.logger.debug();\n\t*/\n}",
        "eventName": "afterDelete",
        "_v": 0
    },
    {
        "_id": "SJyWlNdcPNP",
        "_deleted": false,
        "_createdAt": "2020-09-09T06:33:17.012Z",
        "_modifiedAt": "2020-09-09T06:33:17.012Z",
        "_lv": 1,
        "deploymentVersion": 12,
        "enabled": false,
        "backendId": "BkvSL9nAI",
        "modelId": "ModelZero",
        "event": "function afterRead (event){\n /* Add Your Logic Here\t\n\t//apis.utility.logger.debug();\n\t*/\n}",
        "eventName": "afterRead",
        "_v": 0
    },
    {
        "_id": "HJlZx4O5v4D",
        "_deleted": false,
        "_createdAt": "2020-09-09T06:33:17.014Z",
        "_modifiedAt": "2020-09-09T06:33:17.014Z",
        "_lv": 1,
        "deploymentVersion": 12,
        "enabled": false,
        "backendId": "BkvSL9nAI",
        "modelId": "ModelZero",
        "event": "function afterSave (event){\n /* Add Your Logic Here\t\n\t//apis.utility.logger.debug();\n\t*/\n}",
        "eventName": "afterSave",
        "_v": 0
    },
    {
        "_id": "H1Z-xEu9DND",
        "_deleted": false,
        "_createdAt": "2020-09-09T06:33:17.017Z",
        "_modifiedAt": "2020-09-09T06:33:17.017Z",
        "_lv": 1,
        "deploymentVersion": 12,
        "enabled": false,
        "backendId": "BkvSL9nAI",
        "modelId": "ModelZero",
        "event": "function beforeDelete (event){\n /* Add Your Logic Here\t\n\t//apis.utility.logger.debug();\n\t*/\n}",
        "eventName": "beforeDelete",
        "_v": 0
    },
    {
        "_id": "rkf-lVdqDNw",
        "_deleted": false,
        "_createdAt": "2020-09-09T06:33:17.017Z",
        "_modifiedAt": "2020-09-09T06:33:17.017Z",
        "_lv": 1,
        "deploymentVersion": 12,
        "enabled": false,
        "backendId": "BkvSL9nAI",
        "modelId": "ModelZero",
        "event": "function beforeRead (event){\n /* Add Your Logic Here\t\n\t//apis.utility.logger.debug();\n\t*/\n}",
        "eventName": "beforeRead",
        "_v": 0
    },
    {
        "_id": "SJ7bl4dqPNv",
        "_deleted": false,
        "_createdAt": "2020-09-09T06:33:17.003Z",
        "_modifiedAt": "2020-09-09T06:33:17.003Z",
        "_lv": 1,
        "deploymentVersion": 12,
        "enabled": false,
        "backendId": "BkvSL9nAI",
        "modelId": "ModelZero",
        "event": "function beforeSave (event){\n /* Add Your Logic Here\t\n\t//apis.utility.logger.debug();\n\t*/\n}",
        "eventName": "beforeSave",
        "_v": 0
    },
    {
        "_id": "Hy4blNO5DNw",
        "_deleted": false,
        "_createdAt": "2020-08-27T04:24:56.108Z",
        "_modifiedAt": "2020-08-27T04:24:56.108Z",
        "_lv": 1,
        "deploymentVersion": 2,
        "enabled": false,
        "backendId": "BkvSL9nAI",
        "modelId": "Offer",
        "event": "function afterDelete (event){\n /* Add Your Logic Here\t\n\t//apis.utility.logger.debug();\n\t*/\n}",
        "eventName": "afterDelete",
        "_v": 0
    },
    {
        "_id": "r1HWeNdqP4D",
        "_deleted": false,
        "_createdAt": "2020-08-27T04:24:56.110Z",
        "_modifiedAt": "2020-08-27T04:24:56.110Z",
        "_lv": 1,
        "deploymentVersion": 2,
        "enabled": false,
        "backendId": "BkvSL9nAI",
        "modelId": "Offer",
        "event": "function afterRead (event){\n /* Add Your Logic Here\t\n\t//apis.utility.logger.debug();\n\t*/\n}",
        "eventName": "afterRead",
        "_v": 0
    },
    {
        "_id": "SkU-xVdqDNv",
        "_deleted": false,
        "_createdAt": "2020-08-27T04:24:56.100Z",
        "_modifiedAt": "2020-08-27T04:24:56.100Z",
        "_lv": 1,
        "deploymentVersion": 2,
        "enabled": false,
        "backendId": "BkvSL9nAI",
        "modelId": "Offer",
        "event": "function afterSave (event){\n /* Add Your Logic Here\t\n\t//apis.utility.logger.debug();\n\t*/\n}",
        "eventName": "afterSave",
        "_v": 0
    },
    {
        "_id": "HkPZeV_qDVD",
        "_deleted": false,
        "_createdAt": "2020-08-27T04:24:56.093Z",
        "_modifiedAt": "2020-08-27T04:24:56.093Z",
        "_lv": 1,
        "deploymentVersion": 2,
        "enabled": false,
        "backendId": "BkvSL9nAI",
        "modelId": "Offer",
        "event": "function beforeDelete (event){\n /* Add Your Logic Here\t\n\t//apis.utility.logger.debug();\n\t*/\n}",
        "eventName": "beforeDelete",
        "_v": 0
    },
    {
        "_id": "Sy_WlEOqvNw",
        "_deleted": false,
        "_createdAt": "2020-08-27T04:24:56.114Z",
        "_modifiedAt": "2020-08-27T04:24:56.114Z",
        "_lv": 1,
        "deploymentVersion": 2,
        "enabled": false,
        "backendId": "BkvSL9nAI",
        "modelId": "Offer",
        "event": "function beforeRead (event){\n /* Add Your Logic Here\t\n\t//apis.utility.logger.debug();\n\t*/\n}",
        "eventName": "beforeRead",
        "_v": 0
    },
    {
        "_id": "S1FWl4dqv4D",
        "_deleted": false,
        "_createdAt": "2020-08-27T04:24:56.103Z",
        "_modifiedAt": "2020-08-27T04:24:56.103Z",
        "_lv": 1,
        "deploymentVersion": 2,
        "enabled": true,
        "backendId": "BkvSL9nAI",
        "modelId": "Offer",
        "event": "function beforeSave (event){\n // enabled before save\n}",
        "eventName": "beforeSave",
        "_v": 0
    },
    {
        "_id": "S1qZe4O9vVD",
        "_deleted": false,
        "_createdAt": "2020-08-18T04:57:28.213Z",
        "_modifiedAt": "2020-08-18T04:57:28.213Z",
        "_lv": 1,
        "deploymentVersion": 1,
        "enabled": false,
        "backendId": "BkvSL9nAI",
        "modelId": "Organization",
        "event": "function afterDelete (event){\n /* Add Your Logic Here\t\n\t//apis.utility.logger.debug();\n\t*/\n}",
        "eventName": "afterDelete",
        "_v": 0
    },
    {
        "_id": "rko-gNu9v4P",
        "_deleted": false,
        "_createdAt": "2020-08-18T04:57:28.221Z",
        "_modifiedAt": "2020-08-18T04:57:28.221Z",
        "_lv": 1,
        "deploymentVersion": 1,
        "enabled": false,
        "backendId": "BkvSL9nAI",
        "modelId": "Organization",
        "event": "function afterRead (event){\n /* Add Your Logic Here\t\n\t//apis.utility.logger.debug();\n\t*/\n}",
        "eventName": "afterRead",
        "_v": 0
    },
    {
        "_id": "Sy2bxN_cD4P",
        "_deleted": false,
        "_createdAt": "2020-08-18T04:57:28.209Z",
        "_modifiedAt": "2020-08-18T04:57:28.209Z",
        "_lv": 1,
        "deploymentVersion": 1,
        "enabled": false,
        "backendId": "BkvSL9nAI",
        "modelId": "Organization",
        "event": "function afterSave (event){\n /* Add Your Logic Here\t\n\t//apis.utility.logger.debug();\n\t*/\n}",
        "eventName": "afterSave",
        "_v": 0
    },
    {
        "_id": "Hya-xNu5wNP",
        "_deleted": false,
        "_createdAt": "2020-08-18T04:57:28.217Z",
        "_modifiedAt": "2020-08-18T04:57:28.217Z",
        "_lv": 1,
        "deploymentVersion": 1,
        "enabled": false,
        "backendId": "BkvSL9nAI",
        "modelId": "Organization",
        "event": "function beforeDelete (event){\n /* Add Your Logic Here\t\n\t//apis.utility.logger.debug();\n\t*/\n}",
        "eventName": "beforeDelete",
        "_v": 0
    },
    {
        "_id": "rJAblNOcwEP",
        "_deleted": false,
        "_createdAt": "2020-08-18T04:57:28.206Z",
        "_modifiedAt": "2020-08-18T04:57:28.206Z",
        "_lv": 1,
        "deploymentVersion": 1,
        "enabled": false,
        "backendId": "BkvSL9nAI",
        "modelId": "Organization",
        "event": "function beforeRead (event){\n /* Add Your Logic Here\t\n\t//apis.utility.logger.debug();\n\t*/\n}",
        "eventName": "beforeRead",
        "_v": 0
    },
    {
        "_id": "Sk1Ge4dcPVP",
        "_deleted": false,
        "_createdAt": "2020-08-18T04:57:28.221Z",
        "_modifiedAt": "2020-08-18T04:57:28.221Z",
        "_lv": 1,
        "deploymentVersion": 1,
        "enabled": false,
        "backendId": "BkvSL9nAI",
        "modelId": "Organization",
        "event": "function beforeSave (event){\n /* Add Your Logic Here\t\n\t//apis.utility.logger.debug();\n\t*/\n}",
        "eventName": "beforeSave",
        "_v": 0
    },
    {
        "_id": "Hylzg4d5vEP",
        "_deleted": false,
        "_createdAt": "2020-08-18T04:57:28.285Z",
        "_modifiedAt": "2020-08-18T04:57:28.285Z",
        "_lv": 1,
        "deploymentVersion": 1,
        "enabled": false,
        "backendId": "BkvSL9nAI",
        "modelId": "OrganizationDomain",
        "event": "function afterDelete (event){\n /* Add Your Logic Here\t\n\t//apis.utility.logger.debug();\n\t*/\n}",
        "eventName": "afterDelete",
        "_v": 0
    },
    {
        "_id": "rkWMx4dcDVP",
        "_deleted": false,
        "_createdAt": "2020-08-18T04:57:28.293Z",
        "_modifiedAt": "2020-08-18T04:57:28.293Z",
        "_lv": 1,
        "deploymentVersion": 1,
        "enabled": false,
        "backendId": "BkvSL9nAI",
        "modelId": "OrganizationDomain",
        "event": "function afterRead (event){\n /* Add Your Logic Here\t\n\t//apis.utility.logger.debug();\n\t*/\n}",
        "eventName": "afterRead",
        "_v": 0
    },
    {
        "_id": "S1fMgEdcwVv",
        "_deleted": false,
        "_createdAt": "2020-08-18T04:57:28.302Z",
        "_modifiedAt": "2020-08-18T04:57:28.302Z",
        "_lv": 1,
        "deploymentVersion": 1,
        "enabled": false,
        "backendId": "BkvSL9nAI",
        "modelId": "OrganizationDomain",
        "event": "function afterSave (event){\n /* Add Your Logic Here\t\n\t//apis.utility.logger.debug();\n\t*/\n}",
        "eventName": "afterSave",
        "_v": 0
    },
    {
        "_id": "r1XzlVdqPEP",
        "_deleted": false,
        "_createdAt": "2020-08-18T04:57:28.295Z",
        "_modifiedAt": "2020-08-18T04:57:28.295Z",
        "_lv": 1,
        "deploymentVersion": 1,
        "enabled": false,
        "backendId": "BkvSL9nAI",
        "modelId": "OrganizationDomain",
        "event": "function beforeDelete (event){\n /* Add Your Logic Here\t\n\t//apis.utility.logger.debug();\n\t*/\n}",
        "eventName": "beforeDelete",
        "_v": 0
    },
    {
        "_id": "BJ4fg4Ocv4P",
        "_deleted": false,
        "_createdAt": "2020-08-18T04:57:28.255Z",
        "_modifiedAt": "2020-08-18T04:57:28.255Z",
        "_lv": 1,
        "deploymentVersion": 1,
        "enabled": false,
        "backendId": "BkvSL9nAI",
        "modelId": "OrganizationDomain",
        "event": "function beforeRead (event){\n /* Add Your Logic Here\t\n\t//apis.utility.logger.debug();\n\t*/\n}",
        "eventName": "beforeRead",
        "_v": 0
    },
    {
        "_id": "BkSflNdcvEv",
        "_deleted": false,
        "_createdAt": "2020-08-18T04:57:28.292Z",
        "_modifiedAt": "2020-08-18T04:57:28.292Z",
        "_lv": 1,
        "deploymentVersion": 1,
        "enabled": false,
        "backendId": "BkvSL9nAI",
        "modelId": "OrganizationDomain",
        "event": "function beforeSave (event){\n /* Add Your Logic Here\t\n\t//apis.utility.logger.debug();\n\t*/\n}",
        "eventName": "beforeSave",
        "_v": 0
    },
    {
        "_id": "ByUzx4OqPVw",
        "_deleted": false,
        "_createdAt": "2020-08-18T04:57:28.301Z",
        "_modifiedAt": "2020-08-18T04:57:28.301Z",
        "_lv": 1,
        "deploymentVersion": 1,
        "enabled": false,
        "backendId": "BkvSL9nAI",
        "modelId": "Rule",
        "event": "function afterDelete (event){\n /* Add Your Logic Here\t\n\t//apis.utility.logger.debug();\n\t*/\n}",
        "eventName": "afterDelete",
        "_v": 0
    },
    {
        "_id": "SkwGxV_5vEw",
        "_deleted": false,
        "_createdAt": "2020-08-18T04:57:28.256Z",
        "_modifiedAt": "2020-08-18T04:57:28.256Z",
        "_lv": 1,
        "deploymentVersion": 1,
        "enabled": false,
        "backendId": "BkvSL9nAI",
        "modelId": "Rule",
        "event": "function afterRead (event){\n /* Add Your Logic Here\t\n\t//apis.utility.logger.debug();\n\t*/\n}",
        "eventName": "afterRead",
        "_v": 0
    },
    {
        "_id": "S1dzeE_cD4D",
        "_deleted": false,
        "_createdAt": "2020-08-18T04:57:28.253Z",
        "_modifiedAt": "2020-08-18T04:57:28.253Z",
        "_lv": 1,
        "deploymentVersion": 1,
        "enabled": false,
        "backendId": "BkvSL9nAI",
        "modelId": "Rule",
        "event": "function afterSave (event){\n /* Add Your Logic Here\t\n\t//apis.utility.logger.debug();\n\t*/\n}",
        "eventName": "afterSave",
        "_v": 0
    },
    {
        "_id": "SkFzx4_qwVP",
        "_deleted": false,
        "_createdAt": "2020-08-18T04:57:28.284Z",
        "_modifiedAt": "2020-08-18T04:57:28.284Z",
        "_lv": 1,
        "deploymentVersion": 1,
        "enabled": false,
        "backendId": "BkvSL9nAI",
        "modelId": "Rule",
        "event": "function beforeDelete (event){\n /* Add Your Logic Here\t\n\t//apis.utility.logger.debug();\n\t*/\n}",
        "eventName": "beforeDelete",
        "_v": 0
    },
    {
        "_id": "HJcze4OcvVD",
        "_deleted": false,
        "_createdAt": "2020-08-18T04:57:28.294Z",
        "_modifiedAt": "2020-08-18T04:57:28.294Z",
        "_lv": 1,
        "deploymentVersion": 1,
        "enabled": false,
        "backendId": "BkvSL9nAI",
        "modelId": "Rule",
        "event": "function beforeRead (event){\n /* Add Your Logic Here\t\n\t//apis.utility.logger.debug();\n\t*/\n}",
        "eventName": "beforeRead",
        "_v": 0
    },
    {
        "_id": "BkjGgE_cwNw",
        "_deleted": false,
        "_createdAt": "2020-08-18T04:57:28.256Z",
        "_modifiedAt": "2020-08-18T04:57:28.256Z",
        "_lv": 1,
        "deploymentVersion": 1,
        "enabled": false,
        "backendId": "BkvSL9nAI",
        "modelId": "Rule",
        "event": "function beforeSave (event){\n /* Add Your Logic Here\t\n\t//apis.utility.logger.debug();\n\t*/\n}",
        "eventName": "beforeSave",
        "_v": 0
    },
    {
        "_id": "rkhzgEdcv4P",
        "_deleted": false,
        "_createdAt": "2020-08-18T04:57:28.208Z",
        "_modifiedAt": "2020-08-18T04:57:28.208Z",
        "_lv": 1,
        "deploymentVersion": 1,
        "enabled": false,
        "backendId": "BkvSL9nAI",
        "modelId": "User",
        "event": "function afterDelete (event){\n /* Add Your Logic Here\t\n\t//apis.utility.logger.debug();\n\t*/\n}",
        "eventName": "afterDelete",
        "_v": 0
    },
    {
        "_id": "BJpMgE_5D4w",
        "_deleted": false,
        "_createdAt": "2020-08-18T04:57:28.213Z",
        "_modifiedAt": "2020-08-18T04:57:28.213Z",
        "_lv": 1,
        "deploymentVersion": 1,
        "enabled": false,
        "backendId": "BkvSL9nAI",
        "modelId": "User",
        "event": "function afterRead (event){\n /* Add Your Logic Here\t\n\t//apis.utility.logger.debug();\n\t*/\n}",
        "eventName": "afterRead",
        "_v": 0
    },
    {
        "_id": "BJAGeV_qDND",
        "_deleted": false,
        "_createdAt": "2020-08-18T04:57:28.204Z",
        "_modifiedAt": "2020-08-18T04:57:28.204Z",
        "_lv": 1,
        "deploymentVersion": 1,
        "enabled": false,
        "backendId": "BkvSL9nAI",
        "modelId": "User",
        "event": "function afterSave (event){\n /* Add Your Logic Here\t\n\t//apis.utility.logger.debug();\n\t*/\n}",
        "eventName": "afterSave",
        "_v": 0
    },
    {
        "_id": "HJ1meNO9vED",
        "_deleted": false,
        "_createdAt": "2020-08-18T04:57:28.220Z",
        "_modifiedAt": "2020-08-18T04:57:28.220Z",
        "_lv": 1,
        "deploymentVersion": 1,
        "enabled": false,
        "backendId": "BkvSL9nAI",
        "modelId": "User",
        "event": "function beforeDelete (event){\n /* Add Your Logic Here\t\n\t//apis.utility.logger.debug();\n\t*/\n}",
        "eventName": "beforeDelete",
        "_v": 0
    },
    {
        "_id": "BylXxV_5w4D",
        "_deleted": false,
        "_createdAt": "2020-08-18T04:57:28.216Z",
        "_modifiedAt": "2020-08-18T04:57:28.216Z",
        "_lv": 1,
        "deploymentVersion": 1,
        "enabled": false,
        "backendId": "BkvSL9nAI",
        "modelId": "User",
        "event": "function beforeRead (event){\n /* Add Your Logic Here\t\n\t//apis.utility.logger.debug();\n\t*/\n}",
        "eventName": "beforeRead",
        "_v": 0
    },
    {
        "_id": "ryZQgE_9PNw",
        "_deleted": false,
        "_createdAt": "2020-08-18T04:57:28.212Z",
        "_modifiedAt": "2020-08-18T04:57:28.212Z",
        "_lv": 1,
        "deploymentVersion": 1,
        "enabled": false,
        "backendId": "BkvSL9nAI",
        "modelId": "User",
        "event": "function beforeSave (event){\n /* Add Your Logic Here\t\n\t//apis.utility.logger.debug();\n\t*/\n}",
        "eventName": "beforeSave",
        "_v": 0
    },
    {
        "_id": "B1fXlNd5DED",
        "_deleted": false,
        "_createdAt": "2020-08-18T04:57:28.219Z",
        "_modifiedAt": "2020-08-18T04:57:28.219Z",
        "_lv": 1,
        "deploymentVersion": 1,
        "enabled": false,
        "backendId": "BkvSL9nAI",
        "modelId": "Workflow",
        "event": "function afterDelete (event){\n /* Add Your Logic Here\t\n\t//apis.utility.logger.debug();\n\t*/\n}",
        "eventName": "afterDelete",
        "_v": 0
    },
    {
        "_id": "rk7XlEdcP4v",
        "_deleted": false,
        "_createdAt": "2020-08-18T04:57:28.215Z",
        "_modifiedAt": "2020-08-18T04:57:28.215Z",
        "_lv": 1,
        "deploymentVersion": 1,
        "enabled": false,
        "backendId": "BkvSL9nAI",
        "modelId": "Workflow",
        "event": "function afterRead (event){\n /* Add Your Logic Here\t\n\t//apis.utility.logger.debug();\n\t*/\n}",
        "eventName": "afterRead",
        "_v": 0
    },
    {
        "_id": "HJNQxNd9vED",
        "_deleted": false,
        "_createdAt": "2020-08-18T04:57:28.212Z",
        "_modifiedAt": "2020-08-18T04:57:28.212Z",
        "_lv": 1,
        "deploymentVersion": 1,
        "enabled": false,
        "backendId": "BkvSL9nAI",
        "modelId": "Workflow",
        "event": "function afterSave (event){\n /* Add Your Logic Here\t\n\t//apis.utility.logger.debug();\n\t*/\n}",
        "eventName": "afterSave",
        "_v": 0
    },
    {
        "_id": "HJrQeVuqD4D",
        "_deleted": false,
        "_createdAt": "2020-08-18T04:57:28.203Z",
        "_modifiedAt": "2020-08-18T04:57:28.203Z",
        "_lv": 1,
        "deploymentVersion": 1,
        "enabled": false,
        "backendId": "BkvSL9nAI",
        "modelId": "Workflow",
        "event": "function beforeDelete (event){\n /* Add Your Logic Here\t\n\t//apis.utility.logger.debug();\n\t*/\n}",
        "eventName": "beforeDelete",
        "_v": 0
    },
    {
        "_id": "S18QxVd5wVP",
        "_deleted": false,
        "_createdAt": "2020-08-18T04:57:28.208Z",
        "_modifiedAt": "2020-08-18T04:57:28.208Z",
        "_lv": 1,
        "deploymentVersion": 1,
        "enabled": false,
        "backendId": "BkvSL9nAI",
        "modelId": "Workflow",
        "event": "function beforeRead (event){\n /* Add Your Logic Here\t\n\t//apis.utility.logger.debug();\n\t*/\n}",
        "eventName": "beforeRead",
        "_v": 0
    },
    {
        "_id": "Hyw7g4u5DVP",
        "_deleted": false,
        "_createdAt": "2020-08-18T04:57:28.215Z",
        "_modifiedAt": "2020-08-18T04:57:28.215Z",
        "_lv": 1,
        "deploymentVersion": 1,
        "enabled": false,
        "backendId": "BkvSL9nAI",
        "modelId": "Workflow",
        "event": "function beforeSave (event){\n /* Add Your Logic Here\t\n\t//apis.utility.logger.debug();\n\t*/\n}",
        "eventName": "beforeSave",
        "_v": 0
    },
    {
        "_id": "HkO7eN_cw4w",
        "_deleted": false,
        "_createdAt": "2020-08-18T04:57:28.216Z",
        "_modifiedAt": "2020-08-18T04:57:28.216Z",
        "_lv": 1,
        "deploymentVersion": 1,
        "enabled": false,
        "backendId": "BkvSL9nAI",
        "modelId": "jobDetail",
        "event": "function afterDelete (event){\n /* Add Your Logic Here\t\n\t//apis.utility.logger.debug();\n\t*/\n}",
        "eventName": "afterDelete",
        "_v": 0
    },
    {
        "_id": "SytQe4O9P4P",
        "_deleted": false,
        "_createdAt": "2020-08-18T04:57:28.205Z",
        "_modifiedAt": "2020-08-18T04:57:28.205Z",
        "_lv": 1,
        "deploymentVersion": 1,
        "enabled": false,
        "backendId": "BkvSL9nAI",
        "modelId": "jobDetail",
        "event": "function afterRead (event){\n /* Add Your Logic Here\t\n\t//apis.utility.logger.debug();\n\t*/\n}",
        "eventName": "afterRead",
        "_v": 0
    },
    {
        "_id": "BJ9QlV_cwEw",
        "_deleted": false,
        "_createdAt": "2020-08-18T04:57:28.220Z",
        "_modifiedAt": "2020-08-18T04:57:28.220Z",
        "_lv": 1,
        "deploymentVersion": 1,
        "enabled": false,
        "backendId": "BkvSL9nAI",
        "modelId": "jobDetail",
        "event": "function afterSave (event){\n /* Add Your Logic Here\t\n\t//apis.utility.logger.debug();\n\t*/\n}",
        "eventName": "afterSave",
        "_v": 0
    },
    {
        "_id": "r1sQeNd5DED",
        "_deleted": false,
        "_createdAt": "2020-08-18T04:57:28.209Z",
        "_modifiedAt": "2020-08-18T04:57:28.209Z",
        "_lv": 1,
        "deploymentVersion": 1,
        "enabled": false,
        "backendId": "BkvSL9nAI",
        "modelId": "jobDetail",
        "event": "function beforeDelete (event){\n /* Add Your Logic Here\t\n\t//apis.utility.logger.debug();\n\t*/\n}",
        "eventName": "beforeDelete",
        "_v": 0
    },
    {
        "_id": "Sk27x4d9P4P",
        "_deleted": false,
        "_createdAt": "2020-08-18T04:57:28.213Z",
        "_modifiedAt": "2020-08-18T04:57:28.213Z",
        "_lv": 1,
        "deploymentVersion": 1,
        "enabled": false,
        "backendId": "BkvSL9nAI",
        "modelId": "jobDetail",
        "event": "function beforeRead (event){\n /* Add Your Logic Here\t\n\t//apis.utility.logger.debug();\n\t*/\n}",
        "eventName": "beforeRead",
        "_v": 0
    },
    {
        "_id": "H1p7xEucvVv",
        "_deleted": false,
        "_createdAt": "2020-08-18T04:57:28.205Z",
        "_modifiedAt": "2020-08-18T04:57:28.205Z",
        "_lv": 1,
        "deploymentVersion": 1,
        "enabled": false,
        "backendId": "BkvSL9nAI",
        "modelId": "jobDetail",
        "event": "function beforeSave (event){\n /* Add Your Logic Here\t\n\t//apis.utility.logger.debug();\n\t*/\n}",
        "eventName": "beforeSave",
        "_v": 0
    },
    {
        "_id": "HJAmlVd9PVP",
        "_deleted": false,
        "_createdAt": "2020-08-18T04:57:28.210Z",
        "_modifiedAt": "2020-08-18T04:57:28.210Z",
        "_lv": 1,
        "deploymentVersion": 1,
        "enabled": false,
        "backendId": "BkvSL9nAI",
        "modelId": "mapping",
        "event": "function afterDelete (event){\n /* Add Your Logic Here\t\n\t//apis.utility.logger.debug();\n\t*/\n}",
        "eventName": "afterDelete",
        "_v": 0
    },
    {
        "_id": "H1kNl4dqv4P",
        "_deleted": false,
        "_createdAt": "2020-08-18T04:57:28.218Z",
        "_modifiedAt": "2020-08-18T04:57:28.218Z",
        "_lv": 1,
        "deploymentVersion": 1,
        "enabled": false,
        "backendId": "BkvSL9nAI",
        "modelId": "mapping",
        "event": "function afterRead (event){\n /* Add Your Logic Here\t\n\t//apis.utility.logger.debug();\n\t*/\n}",
        "eventName": "afterRead",
        "_v": 0
    },
    {
        "_id": "ryxVxNO9wEP",
        "_deleted": false,
        "_createdAt": "2020-08-18T04:57:28.206Z",
        "_modifiedAt": "2020-08-18T04:57:28.206Z",
        "_lv": 1,
        "deploymentVersion": 1,
        "enabled": false,
        "backendId": "BkvSL9nAI",
        "modelId": "mapping",
        "event": "function afterSave (event){\n /* Add Your Logic Here\t\n\t//apis.utility.logger.debug();\n\t*/\n}",
        "eventName": "afterSave",
        "_v": 0
    },
    {
        "_id": "B1Z4x4_qvEv",
        "_deleted": false,
        "_createdAt": "2020-08-18T04:57:28.214Z",
        "_modifiedAt": "2020-08-18T04:57:28.214Z",
        "_lv": 1,
        "deploymentVersion": 1,
        "enabled": false,
        "backendId": "BkvSL9nAI",
        "modelId": "mapping",
        "event": "function beforeDelete (event){\n /* Add Your Logic Here\t\n\t//apis.utility.logger.debug();\n\t*/\n}",
        "eventName": "beforeDelete",
        "_v": 0
    },
    {
        "_id": "HkG4lVd9vEP",
        "_deleted": false,
        "_createdAt": "2020-08-18T04:57:28.193Z",
        "_modifiedAt": "2020-08-18T04:57:28.193Z",
        "_lv": 1,
        "deploymentVersion": 1,
        "enabled": false,
        "backendId": "BkvSL9nAI",
        "modelId": "mapping",
        "event": "function beforeRead (event){\n /* Add Your Logic Here\t\n\t//apis.utility.logger.debug();\n\t*/\n}",
        "eventName": "beforeRead",
        "_v": 0
    },
    {
        "_id": "HkQVxNuqwED",
        "_deleted": false,
        "_createdAt": "2020-08-18T04:57:28.217Z",
        "_modifiedAt": "2020-08-18T04:57:28.217Z",
        "_lv": 1,
        "deploymentVersion": 1,
        "enabled": false,
        "backendId": "BkvSL9nAI",
        "modelId": "mapping",
        "event": "function beforeSave (event){\n /* Add Your Logic Here\t\n\t//apis.utility.logger.debug();\n\t*/\n}",
        "eventName": "beforeSave",
        "_v": 0
    },
    {
        "_id": "S1VVl4dcP4w",
        "_deleted": true,
        "_createdAt": "2020-09-08T10:47:47.120Z",
        "_modifiedAt": "2020-09-08T10:47:47.120Z",
        "_lv": 1,
        "deploymentVersion": 10,
        "enabled": false,
        "backendId": "BkvSL9nAI",
        "modelId": "rtyrtyrty",
        "event": "function afterDelete (event){\n /* Add Your Logic Here\t\n\t//apis.utility.logger.debug();\n\t*/\n}",
        "eventName": "afterDelete",
        "_v": 0
    },
    {
        "_id": "HyrExN_9w4v",
        "_deleted": true,
        "_createdAt": "2020-09-08T10:47:47.122Z",
        "_modifiedAt": "2020-09-08T10:47:47.122Z",
        "_lv": 1,
        "deploymentVersion": 10,
        "enabled": false,
        "backendId": "BkvSL9nAI",
        "modelId": "rtyrtyrty",
        "event": "function afterRead (event){\n /* Add Your Logic Here\t\n\t//apis.utility.logger.debug();\n\t*/\n}",
        "eventName": "afterRead",
        "_v": 0
    },
    {
        "_id": "H1INeVd5DED",
        "_deleted": true,
        "_createdAt": "2020-09-08T10:47:47.103Z",
        "_modifiedAt": "2020-09-08T10:47:47.103Z",
        "_lv": 1,
        "deploymentVersion": 10,
        "enabled": false,
        "backendId": "BkvSL9nAI",
        "modelId": "rtyrtyrty",
        "event": "function afterSave (event){\n /* Add Your Logic Here\t\n\t//apis.utility.logger.debug();\n\t*/\n}",
        "eventName": "afterSave",
        "_v": 0
    },
    {
        "_id": "HyD4l4OcvEw",
        "_deleted": true,
        "_createdAt": "2020-09-08T10:47:47.120Z",
        "_modifiedAt": "2020-09-08T10:47:47.120Z",
        "_lv": 1,
        "deploymentVersion": 10,
        "enabled": false,
        "backendId": "BkvSL9nAI",
        "modelId": "rtyrtyrty",
        "event": "function beforeDelete (event){\n /* Add Your Logic Here\t\n\t//apis.utility.logger.debug();\n\t*/\n}",
        "eventName": "beforeDelete",
        "_v": 0
    },
    {
        "_id": "r1OExVOqD4D",
        "_deleted": true,
        "_createdAt": "2020-09-08T10:47:47.122Z",
        "_modifiedAt": "2020-09-08T10:47:47.122Z",
        "_lv": 1,
        "deploymentVersion": 10,
        "enabled": false,
        "backendId": "BkvSL9nAI",
        "modelId": "rtyrtyrty",
        "event": "function beforeRead (event){\n /* Add Your Logic Here\t\n\t//apis.utility.logger.debug();\n\t*/\n}",
        "eventName": "beforeRead",
        "_v": 0
    },
    {
        "_id": "H1FElNO5wNP",
        "_deleted": true,
        "_createdAt": "2020-09-08T10:47:47.108Z",
        "_modifiedAt": "2020-09-08T10:47:47.108Z",
        "_lv": 1,
        "deploymentVersion": 10,
        "enabled": false,
        "backendId": "BkvSL9nAI",
        "modelId": "rtyrtyrty",
        "event": "function beforeSave (event){\n /* Add Your Logic Here\t\n\t//apis.utility.logger.debug();\n\t*/\n}",
        "eventName": "beforeSave",
        "_v": 0
    },
    {
        "_id": "B19EeNOqPNP",
        "_deleted": false,
        "_createdAt": "2020-08-18T04:57:28.255Z",
        "_modifiedAt": "2020-08-18T04:57:28.255Z",
        "_lv": 1,
        "deploymentVersion": 1,
        "enabled": false,
        "backendId": "BkvSL9nAI",
        "modelId": "s3ObjectRoleMapping",
        "event": "function afterDelete (event){\n /* Add Your Logic Here\t\n\t//apis.utility.logger.debug();\n\t*/\n}",
        "eventName": "afterDelete",
        "_v": 0
    },
    {
        "_id": "HJiNe4ucvNP",
        "_deleted": false,
        "_createdAt": "2020-08-18T04:57:28.303Z",
        "_modifiedAt": "2020-08-18T04:57:28.303Z",
        "_lv": 1,
        "deploymentVersion": 1,
        "enabled": false,
        "backendId": "BkvSL9nAI",
        "modelId": "s3ObjectRoleMapping",
        "event": "function afterRead (event){\n /* Add Your Logic Here\t\n\t//apis.utility.logger.debug();\n\t*/\n}",
        "eventName": "afterRead",
        "_v": 0
    },
    {
        "_id": "S1hVx4d5vNw",
        "_deleted": false,
        "_createdAt": "2020-08-18T04:57:28.296Z",
        "_modifiedAt": "2020-08-18T04:57:28.296Z",
        "_lv": 1,
        "deploymentVersion": 1,
        "enabled": false,
        "backendId": "BkvSL9nAI",
        "modelId": "s3ObjectRoleMapping",
        "event": "function afterSave (event){\n /* Add Your Logic Here\t\n\t//apis.utility.logger.debug();\n\t*/\n}",
        "eventName": "afterSave",
        "_v": 0
    },
    {
        "_id": "SyTNeVuqD4v",
        "_deleted": false,
        "_createdAt": "2020-08-18T04:57:28.286Z",
        "_modifiedAt": "2020-08-18T04:57:28.286Z",
        "_lv": 1,
        "deploymentVersion": 1,
        "enabled": false,
        "backendId": "BkvSL9nAI",
        "modelId": "s3ObjectRoleMapping",
        "event": "function beforeDelete (event){\n /* Add Your Logic Here\t\n\t//apis.utility.logger.debug();\n\t*/\n}",
        "eventName": "beforeDelete",
        "_v": 0
    },
    {
        "_id": "BJ0VlNu5DNw",
        "_deleted": false,
        "_createdAt": "2020-08-18T04:57:28.293Z",
        "_modifiedAt": "2020-08-18T04:57:28.293Z",
        "_lv": 1,
        "deploymentVersion": 1,
        "enabled": false,
        "backendId": "BkvSL9nAI",
        "modelId": "s3ObjectRoleMapping",
        "event": "function beforeRead (event){\n /* Add Your Logic Here\t\n\t//apis.utility.logger.debug();\n\t*/\n}",
        "eventName": "beforeRead",
        "_v": 0
    },
    {
        "_id": "rkJHx4d5w4D",
        "_deleted": false,
        "_createdAt": "2020-08-18T04:57:28.302Z",
        "_modifiedAt": "2020-08-18T04:57:28.302Z",
        "_lv": 1,
        "deploymentVersion": 1,
        "enabled": false,
        "backendId": "BkvSL9nAI",
        "modelId": "s3ObjectRoleMapping",
        "event": "function beforeSave (event){\n /* Add Your Logic Here\t\n\t//apis.utility.logger.debug();\n\t*/\n}",
        "eventName": "beforeSave",
        "_v": 0
    },
    {
        "_id": "SyxHxEdcPEP",
        "_deleted": true,
        "_createdAt": "2020-09-08T10:28:23.214Z",
        "_modifiedAt": "2020-09-08T10:28:23.214Z",
        "_lv": 1,
        "deploymentVersion": 8,
        "enabled": false,
        "backendId": "BkvSL9nAI",
        "modelId": "singh",
        "event": "function afterDelete (event){\n /* Add Your Logic Here\t\n\t//apis.utility.logger.debug();\n\t*/\n}",
        "eventName": "afterDelete",
        "_v": 0
    },
    {
        "_id": "rJWHxVuqD4D",
        "_deleted": true,
        "_createdAt": "2020-09-08T10:28:23.216Z",
        "_modifiedAt": "2020-09-08T10:28:23.216Z",
        "_lv": 1,
        "deploymentVersion": 8,
        "enabled": false,
        "backendId": "BkvSL9nAI",
        "modelId": "singh",
        "event": "function afterRead (event){\n /* Add Your Logic Here\t\n\t//apis.utility.logger.debug();\n\t*/\n}",
        "eventName": "afterRead",
        "_v": 0
    },
    {
        "_id": "rkGBeEd9DVP",
        "_deleted": true,
        "_createdAt": "2020-09-08T10:28:23.210Z",
        "_modifiedAt": "2020-09-08T10:28:23.210Z",
        "_lv": 1,
        "deploymentVersion": 8,
        "enabled": false,
        "backendId": "BkvSL9nAI",
        "modelId": "singh",
        "event": "function afterSave (event){\n /* Add Your Logic Here\t\n\t//apis.utility.logger.debug();\n\t*/\n}",
        "eventName": "afterSave",
        "_v": 0
    },
    {
        "_id": "Sk7SlNOcwNP",
        "_deleted": true,
        "_createdAt": "2020-09-08T10:28:23.204Z",
        "_modifiedAt": "2020-09-08T10:28:23.204Z",
        "_lv": 1,
        "deploymentVersion": 8,
        "enabled": false,
        "backendId": "BkvSL9nAI",
        "modelId": "singh",
        "event": "function beforeDelete (event){\n /* Add Your Logic Here\t\n\t//apis.utility.logger.debug();\n\t*/\n}",
        "eventName": "beforeDelete",
        "_v": 0
    },
    {
        "_id": "S14SeEO5DND",
        "_deleted": true,
        "_createdAt": "2020-09-08T10:28:23.215Z",
        "_modifiedAt": "2020-09-08T10:28:23.215Z",
        "_lv": 1,
        "deploymentVersion": 8,
        "enabled": false,
        "backendId": "BkvSL9nAI",
        "modelId": "singh",
        "event": "function beforeRead (event){\n /* Add Your Logic Here\t\n\t//apis.utility.logger.debug();\n\t*/\n}",
        "eventName": "beforeRead",
        "_v": 0
    },
    {
        "_id": "ByHBlEucP4w",
        "_deleted": true,
        "_createdAt": "2020-09-08T10:28:23.210Z",
        "_modifiedAt": "2020-09-08T10:28:23.210Z",
        "_lv": 1,
        "deploymentVersion": 8,
        "enabled": false,
        "backendId": "BkvSL9nAI",
        "modelId": "singh",
        "event": "function beforeSave (event){\n /* Add Your Logic Here\t\n\t//apis.utility.logger.debug();\n\t*/\n}",
        "eventName": "beforeSave",
        "_v": 0
    },
    {
        "_id": "B1UrlNOcvVD",
        "_deleted": false,
        "_createdAt": "2020-09-09T10:48:04.833Z",
        "_modifiedAt": "2020-09-09T10:48:04.833Z",
        "_lv": 1,
        "deploymentVersion": 17,
        "enabled": false,
        "backendId": "BkvSL9nAI",
        "modelId": "smile",
        "event": "function afterDelete (event){\n /* Add Your Logic Here\t\n\t//apis.utility.logger.debug();\n\t*/\n}",
        "eventName": "afterDelete",
        "_v": 0
    },
    {
        "_id": "HyDHlVd5wEP",
        "_deleted": false,
        "_createdAt": "2020-09-09T10:48:04.835Z",
        "_modifiedAt": "2020-09-09T10:48:04.835Z",
        "_lv": 1,
        "deploymentVersion": 17,
        "enabled": false,
        "backendId": "BkvSL9nAI",
        "modelId": "smile",
        "event": "function afterRead (event){\n /* Add Your Logic Here\t\n\t//apis.utility.logger.debug();\n\t*/\n}",
        "eventName": "afterRead",
        "_v": 0
    },
    {
        "_id": "HJ_rlVucwNw",
        "_deleted": false,
        "_createdAt": "2020-09-09T10:48:04.819Z",
        "_modifiedAt": "2020-09-09T10:48:04.819Z",
        "_lv": 1,
        "deploymentVersion": 17,
        "enabled": false,
        "backendId": "BkvSL9nAI",
        "modelId": "smile",
        "event": "function afterSave (event){\n /* Add Your Logic Here\t\n\t//apis.utility.logger.debug();\n\t*/\n}",
        "eventName": "afterSave",
        "_v": 0
    },
    {
        "_id": "rkYBlEu5vNw",
        "_deleted": false,
        "_createdAt": "2020-09-09T10:48:04.830Z",
        "_modifiedAt": "2020-09-09T10:48:04.830Z",
        "_lv": 1,
        "deploymentVersion": 17,
        "enabled": false,
        "backendId": "BkvSL9nAI",
        "modelId": "smile",
        "event": "function beforeDelete (event){\n /* Add Your Logic Here\t\n\t//apis.utility.logger.debug();\n\t*/\n}",
        "eventName": "beforeDelete",
        "_v": 0
    },
    {
        "_id": "rk5HeEucP4w",
        "_deleted": false,
        "_createdAt": "2020-09-09T10:48:04.831Z",
        "_modifiedAt": "2020-09-09T10:48:04.831Z",
        "_lv": 1,
        "deploymentVersion": 17,
        "enabled": false,
        "backendId": "BkvSL9nAI",
        "modelId": "smile",
        "event": "function beforeRead (event){\n /* Add Your Logic Here\t\n\t//apis.utility.logger.debug();\n\t*/\n}",
        "eventName": "beforeRead",
        "_v": 0
    },
    {
        "_id": "SkiHe4dcPVw",
        "_deleted": false,
        "_createdAt": "2020-09-09T10:48:04.812Z",
        "_modifiedAt": "2020-09-09T10:48:04.812Z",
        "_lv": 1,
        "deploymentVersion": 17,
        "enabled": false,
        "backendId": "BkvSL9nAI",
        "modelId": "smile",
        "event": "function beforeSave (event){\n /* Add Your Logic Here\t\n\t//apis.utility.logger.debug();\n\t*/\n}",
        "eventName": "beforeSave",
        "_v": 0
    }
]