[
    {
        "_id": "ryrgdqDED",
        "_deleted": false,
        "_createdAt": "2020-08-18T04:57:28.295Z",
        "_modifiedAt": "2020-08-18T04:57:28.295Z",
        "_lv": 1,
        "deploymentVersion": 1,
        "enabled": false,
        "backendId": "BkvSL9nAI",
        "modelId": "AccessKey",
        "event": "function afterDelete (event){\n /* Add Your Logic Here\t\n\t//apis.utility.logger.debug();\n\t*/\n}",
        "eventName": "afterDelete",
        "_v": 0
    },
    {
        "_id": "r1lSgOqP4D",
        "_deleted": false,
        "_createdAt": "2020-08-18T04:57:28.254Z",
        "_modifiedAt": "2020-08-18T04:57:28.254Z",
        "_lv": 1,
        "deploymentVersion": 1,
        "enabled": false,
        "backendId": "BkvSL9nAI",
        "modelId": "AccessKey",
        "event": "function afterRead (event){\n /* Add Your Logic Here\t\n\t//apis.utility.logger.debug();\n\t*/\n}",
        "eventName": "afterRead",
        "_v": 0
    },
    {
        "_id": "rJbSeO5DED",
        "_deleted": false,
        "_createdAt": "2020-08-18T04:57:28.285Z",
        "_modifiedAt": "2020-08-18T04:57:28.285Z",
        "_lv": 1,
        "deploymentVersion": 1,
        "enabled": false,
        "backendId": "BkvSL9nAI",
        "modelId": "AccessKey",
        "event": "function afterSave (event){\n /* Add Your Logic Here\t\n\t//apis.utility.logger.debug();\n\t*/\n}",
        "eventName": "afterSave",
        "_v": 0
    },
    {
        "_id": "SkGSgdqP4D",
        "_deleted": false,
        "_createdAt": "2020-08-18T04:57:28.301Z",
        "_modifiedAt": "2020-08-18T04:57:28.301Z",
        "_lv": 1,
        "deploymentVersion": 1,
        "enabled": false,
        "backendId": "BkvSL9nAI",
        "modelId": "AccessKey",
        "event": "function beforeDelete (event){\n /* Add Your Logic Here\t\n\t//apis.utility.logger.debug();\n\t*/\n}",
        "eventName": "beforeDelete",
        "_v": 0
    },
    {
        "_id": "Sy7HeO9v4P",
        "_deleted": false,
        "_createdAt": "2020-08-18T04:57:28.257Z",
        "_modifiedAt": "2020-08-18T04:57:28.257Z",
        "_lv": 1,
        "deploymentVersion": 1,
        "enabled": false,
        "backendId": "BkvSL9nAI",
        "modelId": "AccessKey",
        "event": "function beforeRead (event){\n /* Add Your Logic Here\t\n\t//apis.utility.logger.debug();\n\t*/\n}",
        "eventName": "beforeRead",
        "_v": 0
    },
    {
        "_id": "HyNHe_qvVw",
        "_deleted": false,
        "_createdAt": "2020-08-18T04:57:28.254Z",
        "_modifiedAt": "2020-08-18T04:57:28.254Z",
        "_lv": 1,
        "deploymentVersion": 1,
        "enabled": false,
        "backendId": "BkvSL9nAI",
        "modelId": "AccessKey",
        "event": "function beforeSave (event){\n /* Add Your Logic Here\t\n\t//apis.utility.logger.debug();\n\t*/\n}",
        "eventName": "beforeSave",
        "_v": 0
    },
    {
        "_id": "ByrBlOcw4v",
        "_deleted": false,
        "_createdAt": "2020-08-18T04:57:28.200Z",
        "_modifiedAt": "2020-08-18T04:57:28.200Z",
        "_lv": 1,
        "deploymentVersion": 1,
        "enabled": false,
        "backendId": "BkvSL9nAI",
        "modelId": "Attachment",
        "event": "function afterDelete (event){\n /* Add Your Logic Here\t\n\t//apis.utility.logger.debug();\n\t*/\n}",
        "eventName": "afterDelete",
        "_v": 0
    },
    {
        "_id": "rkLBxuqw4D",
        "_deleted": false,
        "_createdAt": "2020-08-18T04:57:28.207Z",
        "_modifiedAt": "2020-08-18T04:57:28.207Z",
        "_lv": 1,
        "deploymentVersion": 1,
        "enabled": false,
        "backendId": "BkvSL9nAI",
        "modelId": "Attachment",
        "event": "function afterRead (event){\n /* Add Your Logic Here\t\n\t//apis.utility.logger.debug();\n\t*/\n}",
        "eventName": "afterRead",
        "_v": 0
    },
    {
        "_id": "rJPBxucvVv",
        "_deleted": false,
        "_createdAt": "2020-08-18T04:57:28.215Z",
        "_modifiedAt": "2020-08-18T04:57:28.215Z",
        "_lv": 1,
        "deploymentVersion": 1,
        "enabled": false,
        "backendId": "BkvSL9nAI",
        "modelId": "Attachment",
        "event": "function afterSave (event){\n /* Add Your Logic Here\t\n\t//apis.utility.logger.debug();\n\t*/\n}",
        "eventName": "afterSave",
        "_v": 0
    },
    {
        "_id": "Hk_BlOcv4P",
        "_deleted": false,
        "_createdAt": "2020-08-18T04:57:28.211Z",
        "_modifiedAt": "2020-08-18T04:57:28.211Z",
        "_lv": 1,
        "deploymentVersion": 1,
        "enabled": false,
        "backendId": "BkvSL9nAI",
        "modelId": "Attachment",
        "event": "function beforeDelete (event){\n /* Add Your Logic Here\t\n\t//apis.utility.logger.debug();\n\t*/\n}",
        "eventName": "beforeDelete",
        "_v": 0
    },
    {
        "_id": "SJFBxOcPVP",
        "_deleted": false,
        "_createdAt": "2020-08-18T04:57:28.218Z",
        "_modifiedAt": "2020-08-18T04:57:28.218Z",
        "_lv": 1,
        "deploymentVersion": 1,
        "enabled": false,
        "backendId": "BkvSL9nAI",
        "modelId": "Attachment",
        "event": "function beforeRead (event){\n /* Add Your Logic Here\t\n\t//apis.utility.logger.debug();\n\t*/\n}",
        "eventName": "beforeRead",
        "_v": 0
    },
    {
        "_id": "H1cHgd9vND",
        "_deleted": false,
        "_createdAt": "2020-08-18T04:57:28.207Z",
        "_modifiedAt": "2020-08-18T04:57:28.207Z",
        "_lv": 1,
        "deploymentVersion": 1,
        "enabled": false,
        "backendId": "BkvSL9nAI",
        "modelId": "Attachment",
        "event": "function beforeSave (event){\n /* Add Your Logic Here\t\n\t//apis.utility.logger.debug();\n\t*/\n}",
        "eventName": "beforeSave",
        "_v": 0
    },
    {
        "_id": "HysSgOqPEP",
        "_deleted": false,
        "_createdAt": "2020-08-18T04:57:28.206Z",
        "_modifiedAt": "2020-08-18T04:57:28.206Z",
        "_lv": 1,
        "deploymentVersion": 1,
        "enabled": false,
        "backendId": "BkvSL9nAI",
        "modelId": "Connection",
        "event": "function afterDelete (event){\n /* Add Your Logic Here\t\n\t//apis.utility.logger.debug();\n\t*/\n}",
        "eventName": "afterDelete",
        "_v": 0
    },
    {
        "_id": "H1hrgdcv4v",
        "_deleted": false,
        "_createdAt": "2020-08-18T04:57:28.210Z",
        "_modifiedAt": "2020-08-18T04:57:28.210Z",
        "_lv": 1,
        "deploymentVersion": 1,
        "enabled": false,
        "backendId": "BkvSL9nAI",
        "modelId": "Connection",
        "event": "function afterRead (event){\n /* Add Your Logic Here\t\n\t//apis.utility.logger.debug();\n\t*/\n}",
        "eventName": "afterRead",
        "_v": 0
    },
    {
        "_id": "H1aHl_cwED",
        "_deleted": false,
        "_createdAt": "2020-08-18T04:57:28.217Z",
        "_modifiedAt": "2020-08-18T04:57:28.217Z",
        "_lv": 1,
        "deploymentVersion": 1,
        "enabled": false,
        "backendId": "BkvSL9nAI",
        "modelId": "Connection",
        "event": "function afterSave (event){\n /* Add Your Logic Here\t\n\t//apis.utility.logger.debug();\n\t*/\n}",
        "eventName": "afterSave",
        "_v": 0
    },
    {
        "_id": "S1CHeu5wEv",
        "_deleted": false,
        "_createdAt": "2020-08-18T04:57:28.214Z",
        "_modifiedAt": "2020-08-18T04:57:28.214Z",
        "_lv": 1,
        "deploymentVersion": 1,
        "enabled": false,
        "backendId": "BkvSL9nAI",
        "modelId": "Connection",
        "event": "function beforeDelete (event){\n /* Add Your Logic Here\t\n\t//apis.utility.logger.debug();\n\t*/\n}",
        "eventName": "beforeDelete",
        "_v": 0
    },
    {
        "_id": "BJJgrlucwND",
        "_deleted": false,
        "_createdAt": "2020-08-18T04:57:28.222Z",
        "_modifiedAt": "2020-08-18T04:57:28.222Z",
        "_lv": 1,
        "deploymentVersion": 1,
        "enabled": false,
        "backendId": "BkvSL9nAI",
        "modelId": "Connection",
        "event": "function beforeRead (event){\n /* Add Your Logic Here\t\n\t//apis.utility.logger.debug();\n\t*/\n}",
        "eventName": "beforeRead",
        "_v": 0
    },
    {
        "_id": "rkexBguqvEv",
        "_deleted": false,
        "_createdAt": "2020-08-18T04:57:28.209Z",
        "_modifiedAt": "2020-08-18T04:57:28.209Z",
        "_lv": 1,
        "deploymentVersion": 1,
        "enabled": false,
        "backendId": "BkvSL9nAI",
        "modelId": "Connection",
        "event": "function beforeSave (event){\n /* Add Your Logic Here\t\n\t//apis.utility.logger.debug();\n\t*/\n}",
        "eventName": "beforeSave",
        "_v": 0
    },
    {
        "_id": "HyWlSld5wVP",
        "_deleted": false,
        "_createdAt": "2020-09-09T04:07:54.375Z",
        "_modifiedAt": "2020-09-09T04:07:54.375Z",
        "_lv": 1,
        "deploymentVersion": 11,
        "enabled": false,
        "backendId": "BkvSL9nAI",
        "modelId": "LifeOfPie",
        "event": "function afterDelete (event){\n /* Add Your Logic Here\t\n\t//apis.utility.logger.debug();\n\t*/\n}",
        "eventName": "afterDelete",
        "_v": 0
    },
    {
        "_id": "S1fergu5PVw",
        "_deleted": false,
        "_createdAt": "2020-09-09T04:07:54.373Z",
        "_modifiedAt": "2020-09-09T04:07:54.373Z",
        "_lv": 1,
        "deploymentVersion": 11,
        "enabled": false,
        "backendId": "BkvSL9nAI",
        "modelId": "LifeOfPie",
        "event": "function afterRead (event){\n /* Add Your Logic Here\t\n\t//apis.utility.logger.debug();\n\t*/\n}",
        "eventName": "afterRead",
        "_v": 0
    },
    {
        "_id": "Bk7gHldqvVD",
        "_deleted": false,
        "_createdAt": "2020-09-09T04:07:54.372Z",
        "_modifiedAt": "2020-09-09T04:07:54.372Z",
        "_lv": 1,
        "deploymentVersion": 11,
        "enabled": false,
        "backendId": "BkvSL9nAI",
        "modelId": "LifeOfPie",
        "event": "function afterSave (event){\n /* Add Your Logic Here\t\n\t//apis.utility.logger.debug();\n\t*/\n}",
        "eventName": "afterSave",
        "_v": 0
    },
    {
        "_id": "BkNxSed5DEw",
        "_deleted": false,
        "_createdAt": "2020-09-09T04:07:54.371Z",
        "_modifiedAt": "2020-09-09T04:07:54.371Z",
        "_lv": 1,
        "deploymentVersion": 11,
        "enabled": false,
        "backendId": "BkvSL9nAI",
        "modelId": "LifeOfPie",
        "event": "function beforeDelete (event){\n /* Add Your Logic Here\t\n\t//apis.utility.logger.debug();\n\t*/\n}",
        "eventName": "beforeDelete",
        "_v": 0
    },
    {
        "_id": "HkrlBlucP4v",
        "_deleted": false,
        "_createdAt": "2020-09-09T04:07:54.364Z",
        "_modifiedAt": "2020-09-09T04:07:54.364Z",
        "_lv": 1,
        "deploymentVersion": 11,
        "enabled": false,
        "backendId": "BkvSL9nAI",
        "modelId": "LifeOfPie",
        "event": "function beforeRead (event){\n /* Add Your Logic Here\t\n\t//apis.utility.logger.debug();\n\t*/\n}",
        "eventName": "beforeRead",
        "_v": 0
    },
    {
        "_id": "ByUgHl_9w4v",
        "_deleted": false,
        "_createdAt": "2020-09-09T04:07:54.371Z",
        "_modifiedAt": "2020-09-09T04:07:54.371Z",
        "_lv": 1,
        "deploymentVersion": 11,
        "enabled": false,
        "backendId": "BkvSL9nAI",
        "modelId": "LifeOfPie",
        "event": "function beforeSave (event){\n /* Add Your Logic Here\t\n\t//apis.utility.logger.debug();\n\t*/\n}",
        "eventName": "beforeSave",
        "_v": 0
    },
    {
        "_id": "SkvlHldqvNv",
        "_deleted": false,
        "_createdAt": "2020-09-09T06:46:33.634Z",
        "_modifiedAt": "2020-09-09T06:46:33.634Z",
        "_lv": 1,
        "deploymentVersion": 13,
        "enabled": false,
        "backendId": "BkvSL9nAI",
        "modelId": "ModelOne",
        "event": "function afterDelete (event){\n /* Add Your Logic Here\t\n\t//apis.utility.logger.debug();\n\t*/\n}",
        "eventName": "afterDelete",
        "_v": 0
    },
    {
        "_id": "rJueHeOcwNP",
        "_deleted": false,
        "_createdAt": "2020-09-09T06:46:33.634Z",
        "_modifiedAt": "2020-09-09T06:46:33.634Z",
        "_lv": 1,
        "deploymentVersion": 13,
        "enabled": false,
        "backendId": "BkvSL9nAI",
        "modelId": "ModelOne",
        "event": "function afterRead (event){\n /* Add Your Logic Here\t\n\t//apis.utility.logger.debug();\n\t*/\n}",
        "eventName": "afterRead",
        "_v": 0
    },
    {
        "_id": "H1FgSg_9P4D",
        "_deleted": false,
        "_createdAt": "2020-09-09T06:46:33.633Z",
        "_modifiedAt": "2020-09-09T06:46:33.633Z",
        "_lv": 1,
        "deploymentVersion": 13,
        "enabled": false,
        "backendId": "BkvSL9nAI",
        "modelId": "ModelOne",
        "event": "function afterSave (event){\n /* Add Your Logic Here\t\n\t//apis.utility.logger.debug();\n\t*/\n}",
        "eventName": "afterSave",
        "_v": 0
    },
    {
        "_id": "H19lSeOcDEw",
        "_deleted": false,
        "_createdAt": "2020-09-09T06:46:33.635Z",
        "_modifiedAt": "2020-09-09T06:46:33.635Z",
        "_lv": 1,
        "deploymentVersion": 13,
        "enabled": false,
        "backendId": "BkvSL9nAI",
        "modelId": "ModelOne",
        "event": "function beforeDelete (event){\n /* Add Your Logic Here\t\n\t//apis.utility.logger.debug();\n\t*/\n}",
        "eventName": "beforeDelete",
        "_v": 0
    },
    {
        "_id": "SkogSg_cvVD",
        "_deleted": false,
        "_createdAt": "2020-09-09T06:46:33.632Z",
        "_modifiedAt": "2020-09-09T06:46:33.632Z",
        "_lv": 1,
        "deploymentVersion": 13,
        "enabled": true,
        "backendId": "BkvSL9nAI",
        "modelId": "ModelOne",
        "event": "function beforeRead (event){\n\n\tconsole.log(\"hello\")\n\n}",
        "eventName": "beforeRead",
        "_v": 0
    },
    {
        "_id": "BJ2erld9vVw",
        "_deleted": false,
        "_createdAt": "2020-09-09T06:46:33.634Z",
        "_modifiedAt": "2020-09-09T06:46:33.634Z",
        "_lv": 1,
        "deploymentVersion": 13,
        "enabled": false,
        "backendId": "BkvSL9nAI",
        "modelId": "ModelOne",
        "event": "function beforeSave (event){\n /* Add Your Logic Here\t\n\t//apis.utility.logger.debug();\n\t*/\n}",
        "eventName": "beforeSave",
        "_v": 0
    },
    {
        "_id": "Bk6gSx_5PNP",
        "_deleted": false,
        "_createdAt": "2020-09-09T06:33:17.011Z",
        "_modifiedAt": "2020-09-09T06:33:17.011Z",
        "_lv": 1,
        "deploymentVersion": 12,
        "enabled": false,
        "backendId": "BkvSL9nAI",
        "modelId": "ModelZero",
        "event": "function afterDelete (event){\n /* Add Your Logic Here\t\n\t//apis.utility.logger.debug();\n\t*/\n}",
        "eventName": "afterDelete",
        "_v": 0
    },
    {
        "_id": "r1Rgrg_9w4D",
        "_deleted": false,
        "_createdAt": "2020-09-09T06:33:17.012Z",
        "_modifiedAt": "2020-09-09T06:33:17.012Z",
        "_lv": 1,
        "deploymentVersion": 12,
        "enabled": false,
        "backendId": "BkvSL9nAI",
        "modelId": "ModelZero",
        "event": "function afterRead (event){\n /* Add Your Logic Here\t\n\t//apis.utility.logger.debug();\n\t*/\n}",
        "eventName": "afterRead",
        "_v": 0
    },
    {
        "_id": "Bk1WrgO5PND",
        "_deleted": false,
        "_createdAt": "2020-09-09T06:33:17.014Z",
        "_modifiedAt": "2020-09-09T06:33:17.014Z",
        "_lv": 1,
        "deploymentVersion": 12,
        "enabled": false,
        "backendId": "BkvSL9nAI",
        "modelId": "ModelZero",
        "event": "function afterSave (event){\n /* Add Your Logic Here\t\n\t//apis.utility.logger.debug();\n\t*/\n}",
        "eventName": "afterSave",
        "_v": 0
    },
    {
        "_id": "r1l-Sld5wNP",
        "_deleted": false,
        "_createdAt": "2020-09-09T06:33:17.017Z",
        "_modifiedAt": "2020-09-09T06:33:17.017Z",
        "_lv": 1,
        "deploymentVersion": 12,
        "enabled": false,
        "backendId": "BkvSL9nAI",
        "modelId": "ModelZero",
        "event": "function beforeDelete (event){\n /* Add Your Logic Here\t\n\t//apis.utility.logger.debug();\n\t*/\n}",
        "eventName": "beforeDelete",
        "_v": 0
    },
    {
        "_id": "HybbSeO5w4P",
        "_deleted": false,
        "_createdAt": "2020-09-09T06:33:17.017Z",
        "_modifiedAt": "2020-09-09T06:33:17.017Z",
        "_lv": 1,
        "deploymentVersion": 12,
        "enabled": false,
        "backendId": "BkvSL9nAI",
        "modelId": "ModelZero",
        "event": "function beforeRead (event){\n /* Add Your Logic Here\t\n\t//apis.utility.logger.debug();\n\t*/\n}",
        "eventName": "beforeRead",
        "_v": 0
    },
    {
        "_id": "ByzZHxdcwVP",
        "_deleted": false,
        "_createdAt": "2020-09-09T06:33:17.003Z",
        "_modifiedAt": "2020-09-09T06:33:17.003Z",
        "_lv": 1,
        "deploymentVersion": 12,
        "enabled": false,
        "backendId": "BkvSL9nAI",
        "modelId": "ModelZero",
        "event": "function beforeSave (event){\n /* Add Your Logic Here\t\n\t//apis.utility.logger.debug();\n\t*/\n}",
        "eventName": "beforeSave",
        "_v": 0
    },
    {
        "_id": "HymZHx_qwVv",
        "_deleted": false,
        "_createdAt": "2020-08-27T04:24:56.108Z",
        "_modifiedAt": "2020-08-27T04:24:56.108Z",
        "_lv": 1,
        "deploymentVersion": 2,
        "enabled": false,
        "backendId": "BkvSL9nAI",
        "modelId": "Offer",
        "event": "function afterDelete (event){\n /* Add Your Logic Here\t\n\t//apis.utility.logger.debug();\n\t*/\n}",
        "eventName": "afterDelete",
        "_v": 0
    },
    {
        "_id": "BJVbSl_cPEP",
        "_deleted": false,
        "_createdAt": "2020-08-27T04:24:56.110Z",
        "_modifiedAt": "2020-08-27T04:24:56.110Z",
        "_lv": 1,
        "deploymentVersion": 2,
        "enabled": false,
        "backendId": "BkvSL9nAI",
        "modelId": "Offer",
        "event": "function afterRead (event){\n /* Add Your Logic Here\t\n\t//apis.utility.logger.debug();\n\t*/\n}",
        "eventName": "afterRead",
        "_v": 0
    },
    {
        "_id": "ryHWSeu9vVv",
        "_deleted": false,
        "_createdAt": "2020-08-27T04:24:56.100Z",
        "_modifiedAt": "2020-08-27T04:24:56.100Z",
        "_lv": 1,
        "deploymentVersion": 2,
        "enabled": false,
        "backendId": "BkvSL9nAI",
        "modelId": "Offer",
        "event": "function afterSave (event){\n /* Add Your Logic Here\t\n\t//apis.utility.logger.debug();\n\t*/\n}",
        "eventName": "afterSave",
        "_v": 0
    },
    {
        "_id": "SkIZHguqPNv",
        "_deleted": false,
        "_createdAt": "2020-08-27T04:24:56.093Z",
        "_modifiedAt": "2020-08-27T04:24:56.093Z",
        "_lv": 1,
        "deploymentVersion": 2,
        "enabled": false,
        "backendId": "BkvSL9nAI",
        "modelId": "Offer",
        "event": "function beforeDelete (event){\n /* Add Your Logic Here\t\n\t//apis.utility.logger.debug();\n\t*/\n}",
        "eventName": "beforeDelete",
        "_v": 0
    },
    {
        "_id": "BkDWSxuqw4P",
        "_deleted": false,
        "_createdAt": "2020-08-27T04:24:56.114Z",
        "_modifiedAt": "2020-08-27T04:24:56.114Z",
        "_lv": 1,
        "deploymentVersion": 2,
        "enabled": false,
        "backendId": "BkvSL9nAI",
        "modelId": "Offer",
        "event": "function beforeRead (event){\n /* Add Your Logic Here\t\n\t//apis.utility.logger.debug();\n\t*/\n}",
        "eventName": "beforeRead",
        "_v": 0
    },
    {
        "_id": "B1uZBldqvNP",
        "_deleted": false,
        "_createdAt": "2020-08-27T04:24:56.103Z",
        "_modifiedAt": "2020-08-27T04:24:56.103Z",
        "_lv": 1,
        "deploymentVersion": 2,
        "enabled": true,
        "backendId": "BkvSL9nAI",
        "modelId": "Offer",
        "event": "function beforeSave (event){\n // enabled before save\n}",
        "eventName": "beforeSave",
        "_v": 0
    },
    {
        "_id": "BkKZHl_5vVv",
        "_deleted": false,
        "_createdAt": "2020-08-18T04:57:28.213Z",
        "_modifiedAt": "2020-08-18T04:57:28.213Z",
        "_lv": 1,
        "deploymentVersion": 1,
        "enabled": false,
        "backendId": "BkvSL9nAI",
        "modelId": "Organization",
        "event": "function afterDelete (event){\n /* Add Your Logic Here\t\n\t//apis.utility.logger.debug();\n\t*/\n}",
        "eventName": "afterDelete",
        "_v": 0
    },
    {
        "_id": "BJ5-SeO5D4v",
        "_deleted": false,
        "_createdAt": "2020-08-18T04:57:28.221Z",
        "_modifiedAt": "2020-08-18T04:57:28.221Z",
        "_lv": 1,
        "deploymentVersion": 1,
        "enabled": false,
        "backendId": "BkvSL9nAI",
        "modelId": "Organization",
        "event": "function afterRead (event){\n /* Add Your Logic Here\t\n\t//apis.utility.logger.debug();\n\t*/\n}",
        "eventName": "afterRead",
        "_v": 0
    },
    {
        "_id": "ryjbBl_cwVP",
        "_deleted": false,
        "_createdAt": "2020-08-18T04:57:28.209Z",
        "_modifiedAt": "2020-08-18T04:57:28.209Z",
        "_lv": 1,
        "deploymentVersion": 1,
        "enabled": false,
        "backendId": "BkvSL9nAI",
        "modelId": "Organization",
        "event": "function afterSave (event){\n /* Add Your Logic Here\t\n\t//apis.utility.logger.debug();\n\t*/\n}",
        "eventName": "afterSave",
        "_v": 0
    },
    {
        "_id": "B13ZBeuqDED",
        "_deleted": false,
        "_createdAt": "2020-08-18T04:57:28.217Z",
        "_modifiedAt": "2020-08-18T04:57:28.217Z",
        "_lv": 1,
        "deploymentVersion": 1,
        "enabled": false,
        "backendId": "BkvSL9nAI",
        "modelId": "Organization",
        "event": "function beforeDelete (event){\n /* Add Your Logic Here\t\n\t//apis.utility.logger.debug();\n\t*/\n}",
        "eventName": "beforeDelete",
        "_v": 0
    },
    {
        "_id": "r1pbSg_5PVv",
        "_deleted": false,
        "_createdAt": "2020-08-18T04:57:28.206Z",
        "_modifiedAt": "2020-08-18T04:57:28.206Z",
        "_lv": 1,
        "deploymentVersion": 1,
        "enabled": false,
        "backendId": "BkvSL9nAI",
        "modelId": "Organization",
        "event": "function beforeRead (event){\n /* Add Your Logic Here\t\n\t//apis.utility.logger.debug();\n\t*/\n}",
        "eventName": "beforeRead",
        "_v": 0
    },
    {
        "_id": "H10-rldqPND",
        "_deleted": false,
        "_createdAt": "2020-08-18T04:57:28.221Z",
        "_modifiedAt": "2020-08-18T04:57:28.221Z",
        "_lv": 1,
        "deploymentVersion": 1,
        "enabled": false,
        "backendId": "BkvSL9nAI",
        "modelId": "Organization",
        "event": "function beforeSave (event){\n /* Add Your Logic Here\t\n\t//apis.utility.logger.debug();\n\t*/\n}",
        "eventName": "beforeSave",
        "_v": 0
    },
    {
        "_id": "ryJMBx_5vNP",
        "_deleted": false,
        "_createdAt": "2020-08-18T04:57:28.285Z",
        "_modifiedAt": "2020-08-18T04:57:28.285Z",
        "_lv": 1,
        "deploymentVersion": 1,
        "enabled": false,
        "backendId": "BkvSL9nAI",
        "modelId": "OrganizationDomain",
        "event": "function afterDelete (event){\n /* Add Your Logic Here\t\n\t//apis.utility.logger.debug();\n\t*/\n}",
        "eventName": "afterDelete",
        "_v": 0
    },
    {
        "_id": "B1gMHxOcPVD",
        "_deleted": false,
        "_createdAt": "2020-08-18T04:57:28.293Z",
        "_modifiedAt": "2020-08-18T04:57:28.293Z",
        "_lv": 1,
        "deploymentVersion": 1,
        "enabled": false,
        "backendId": "BkvSL9nAI",
        "modelId": "OrganizationDomain",
        "event": "function afterRead (event){\n /* Add Your Logic Here\t\n\t//apis.utility.logger.debug();\n\t*/\n}",
        "eventName": "afterRead",
        "_v": 0
    },
    {
        "_id": "HyZMBxdcPVv",
        "_deleted": false,
        "_createdAt": "2020-08-18T04:57:28.302Z",
        "_modifiedAt": "2020-08-18T04:57:28.302Z",
        "_lv": 1,
        "deploymentVersion": 1,
        "enabled": false,
        "backendId": "BkvSL9nAI",
        "modelId": "OrganizationDomain",
        "event": "function afterSave (event){\n /* Add Your Logic Here\t\n\t//apis.utility.logger.debug();\n\t*/\n}",
        "eventName": "afterSave",
        "_v": 0
    },
    {
        "_id": "HkGMrxu5v4v",
        "_deleted": false,
        "_createdAt": "2020-08-18T04:57:28.295Z",
        "_modifiedAt": "2020-08-18T04:57:28.295Z",
        "_lv": 1,
        "deploymentVersion": 1,
        "enabled": false,
        "backendId": "BkvSL9nAI",
        "modelId": "OrganizationDomain",
        "event": "function beforeDelete (event){\n /* Add Your Logic Here\t\n\t//apis.utility.logger.debug();\n\t*/\n}",
        "eventName": "beforeDelete",
        "_v": 0
    },
    {
        "_id": "SymzHxO5PEw",
        "_deleted": false,
        "_createdAt": "2020-08-18T04:57:28.255Z",
        "_modifiedAt": "2020-08-18T04:57:28.255Z",
        "_lv": 1,
        "deploymentVersion": 1,
        "enabled": false,
        "backendId": "BkvSL9nAI",
        "modelId": "OrganizationDomain",
        "event": "function beforeRead (event){\n /* Add Your Logic Here\t\n\t//apis.utility.logger.debug();\n\t*/\n}",
        "eventName": "beforeRead",
        "_v": 0
    },
    {
        "_id": "r1NfBguqDEw",
        "_deleted": false,
        "_createdAt": "2020-08-18T04:57:28.292Z",
        "_modifiedAt": "2020-08-18T04:57:28.292Z",
        "_lv": 1,
        "deploymentVersion": 1,
        "enabled": false,
        "backendId": "BkvSL9nAI",
        "modelId": "OrganizationDomain",
        "event": "function beforeSave (event){\n /* Add Your Logic Here\t\n\t//apis.utility.logger.debug();\n\t*/\n}",
        "eventName": "beforeSave",
        "_v": 0
    },
    {
        "_id": "HJBzSx_cwND",
        "_deleted": false,
        "_createdAt": "2020-08-18T04:57:28.301Z",
        "_modifiedAt": "2020-08-18T04:57:28.301Z",
        "_lv": 1,
        "deploymentVersion": 1,
        "enabled": false,
        "backendId": "BkvSL9nAI",
        "modelId": "Rule",
        "event": "function afterDelete (event){\n /* Add Your Logic Here\t\n\t//apis.utility.logger.debug();\n\t*/\n}",
        "eventName": "afterDelete",
        "_v": 0
    },
    {
        "_id": "HyLGBgdcPVP",
        "_deleted": false,
        "_createdAt": "2020-08-18T04:57:28.256Z",
        "_modifiedAt": "2020-08-18T04:57:28.256Z",
        "_lv": 1,
        "deploymentVersion": 1,
        "enabled": false,
        "backendId": "BkvSL9nAI",
        "modelId": "Rule",
        "event": "function afterRead (event){\n /* Add Your Logic Here\t\n\t//apis.utility.logger.debug();\n\t*/\n}",
        "eventName": "afterRead",
        "_v": 0
    },
    {
        "_id": "SJvzrxd9vEP",
        "_deleted": false,
        "_createdAt": "2020-08-18T04:57:28.253Z",
        "_modifiedAt": "2020-08-18T04:57:28.253Z",
        "_lv": 1,
        "deploymentVersion": 1,
        "enabled": false,
        "backendId": "BkvSL9nAI",
        "modelId": "Rule",
        "event": "function afterSave (event){\n /* Add Your Logic Here\t\n\t//apis.utility.logger.debug();\n\t*/\n}",
        "eventName": "afterSave",
        "_v": 0
    },
    {
        "_id": "SJ_MBxO5DNv",
        "_deleted": false,
        "_createdAt": "2020-08-18T04:57:28.284Z",
        "_modifiedAt": "2020-08-18T04:57:28.284Z",
        "_lv": 1,
        "deploymentVersion": 1,
        "enabled": false,
        "backendId": "BkvSL9nAI",
        "modelId": "Rule",
        "event": "function beforeDelete (event){\n /* Add Your Logic Here\t\n\t//apis.utility.logger.debug();\n\t*/\n}",
        "eventName": "beforeDelete",
        "_v": 0
    },
    {
        "_id": "SkYGHlu5DNw",
        "_deleted": false,
        "_createdAt": "2020-08-18T04:57:28.294Z",
        "_modifiedAt": "2020-08-18T04:57:28.294Z",
        "_lv": 1,
        "deploymentVersion": 1,
        "enabled": false,
        "backendId": "BkvSL9nAI",
        "modelId": "Rule",
        "event": "function beforeRead (event){\n /* Add Your Logic Here\t\n\t//apis.utility.logger.debug();\n\t*/\n}",
        "eventName": "beforeRead",
        "_v": 0
    },
    {
        "_id": "Hy5Grg_5DNv",
        "_deleted": false,
        "_createdAt": "2020-08-18T04:57:28.256Z",
        "_modifiedAt": "2020-08-18T04:57:28.256Z",
        "_lv": 1,
        "deploymentVersion": 1,
        "enabled": false,
        "backendId": "BkvSL9nAI",
        "modelId": "Rule",
        "event": "function beforeSave (event){\n /* Add Your Logic Here\t\n\t//apis.utility.logger.debug();\n\t*/\n}",
        "eventName": "beforeSave",
        "_v": 0
    },
    {
        "_id": "ryjzBxdqPNv",
        "_deleted": false,
        "_createdAt": "2020-08-18T04:57:28.208Z",
        "_modifiedAt": "2020-08-18T04:57:28.208Z",
        "_lv": 1,
        "deploymentVersion": 1,
        "enabled": false,
        "backendId": "BkvSL9nAI",
        "modelId": "User",
        "event": "function afterDelete (event){\n /* Add Your Logic Here\t\n\t//apis.utility.logger.debug();\n\t*/\n}",
        "eventName": "afterDelete",
        "_v": 0
    },
    {
        "_id": "r13fHldqPVD",
        "_deleted": false,
        "_createdAt": "2020-08-18T04:57:28.213Z",
        "_modifiedAt": "2020-08-18T04:57:28.213Z",
        "_lv": 1,
        "deploymentVersion": 1,
        "enabled": false,
        "backendId": "BkvSL9nAI",
        "modelId": "User",
        "event": "function afterRead (event){\n /* Add Your Logic Here\t\n\t//apis.utility.logger.debug();\n\t*/\n}",
        "eventName": "afterRead",
        "_v": 0
    },
    {
        "_id": "BkpfBgu5w4P",
        "_deleted": false,
        "_createdAt": "2020-08-18T04:57:28.204Z",
        "_modifiedAt": "2020-08-18T04:57:28.204Z",
        "_lv": 1,
        "deploymentVersion": 1,
        "enabled": false,
        "backendId": "BkvSL9nAI",
        "modelId": "User",
        "event": "function afterSave (event){\n /* Add Your Logic Here\t\n\t//apis.utility.logger.debug();\n\t*/\n}",
        "eventName": "afterSave",
        "_v": 0
    },
    {
        "_id": "rJAzBl_qPEP",
        "_deleted": false,
        "_createdAt": "2020-08-18T04:57:28.220Z",
        "_modifiedAt": "2020-08-18T04:57:28.220Z",
        "_lv": 1,
        "deploymentVersion": 1,
        "enabled": false,
        "backendId": "BkvSL9nAI",
        "modelId": "User",
        "event": "function beforeDelete (event){\n /* Add Your Logic Here\t\n\t//apis.utility.logger.debug();\n\t*/\n}",
        "eventName": "beforeDelete",
        "_v": 0
    },
    {
        "_id": "BJ1XSldqP4w",
        "_deleted": false,
        "_createdAt": "2020-08-18T04:57:28.216Z",
        "_modifiedAt": "2020-08-18T04:57:28.216Z",
        "_lv": 1,
        "deploymentVersion": 1,
        "enabled": false,
        "backendId": "BkvSL9nAI",
        "modelId": "User",
        "event": "function beforeRead (event){\n /* Add Your Logic Here\t\n\t//apis.utility.logger.debug();\n\t*/\n}",
        "eventName": "beforeRead",
        "_v": 0
    },
    {
        "_id": "Skg7Hed9wEP",
        "_deleted": false,
        "_createdAt": "2020-08-18T04:57:28.212Z",
        "_modifiedAt": "2020-08-18T04:57:28.212Z",
        "_lv": 1,
        "deploymentVersion": 1,
        "enabled": false,
        "backendId": "BkvSL9nAI",
        "modelId": "User",
        "event": "function beforeSave (event){\n /* Add Your Logic Here\t\n\t//apis.utility.logger.debug();\n\t*/\n}",
        "eventName": "beforeSave",
        "_v": 0
    },
    {
        "_id": "rJbXHgucvEP",
        "_deleted": false,
        "_createdAt": "2020-08-18T04:57:28.219Z",
        "_modifiedAt": "2020-08-18T04:57:28.219Z",
        "_lv": 1,
        "deploymentVersion": 1,
        "enabled": false,
        "backendId": "BkvSL9nAI",
        "modelId": "Workflow",
        "event": "function afterDelete (event){\n /* Add Your Logic Here\t\n\t//apis.utility.logger.debug();\n\t*/\n}",
        "eventName": "afterDelete",
        "_v": 0
    },
    {
        "_id": "SkMmHldqPNP",
        "_deleted": false,
        "_createdAt": "2020-08-18T04:57:28.215Z",
        "_modifiedAt": "2020-08-18T04:57:28.215Z",
        "_lv": 1,
        "deploymentVersion": 1,
        "enabled": false,
        "backendId": "BkvSL9nAI",
        "modelId": "Workflow",
        "event": "function afterRead (event){\n /* Add Your Logic Here\t\n\t//apis.utility.logger.debug();\n\t*/\n}",
        "eventName": "afterRead",
        "_v": 0
    },
    {
        "_id": "B1mmBxO9PND",
        "_deleted": false,
        "_createdAt": "2020-08-18T04:57:28.212Z",
        "_modifiedAt": "2020-08-18T04:57:28.212Z",
        "_lv": 1,
        "deploymentVersion": 1,
        "enabled": false,
        "backendId": "BkvSL9nAI",
        "modelId": "Workflow",
        "event": "function afterSave (event){\n /* Add Your Logic Here\t\n\t//apis.utility.logger.debug();\n\t*/\n}",
        "eventName": "afterSave",
        "_v": 0
    },
    {
        "_id": "r1N7BldqPED",
        "_deleted": false,
        "_createdAt": "2020-08-18T04:57:28.203Z",
        "_modifiedAt": "2020-08-18T04:57:28.203Z",
        "_lv": 1,
        "deploymentVersion": 1,
        "enabled": false,
        "backendId": "BkvSL9nAI",
        "modelId": "Workflow",
        "event": "function beforeDelete (event){\n /* Add Your Logic Here\t\n\t//apis.utility.logger.debug();\n\t*/\n}",
        "eventName": "beforeDelete",
        "_v": 0
    },
    {
        "_id": "ryrXBx_cDVD",
        "_deleted": false,
        "_createdAt": "2020-08-18T04:57:28.208Z",
        "_modifiedAt": "2020-08-18T04:57:28.208Z",
        "_lv": 1,
        "deploymentVersion": 1,
        "enabled": false,
        "backendId": "BkvSL9nAI",
        "modelId": "Workflow",
        "event": "function beforeRead (event){\n /* Add Your Logic Here\t\n\t//apis.utility.logger.debug();\n\t*/\n}",
        "eventName": "beforeRead",
        "_v": 0
    },
    {
        "_id": "HJU7Be_cvEw",
        "_deleted": false,
        "_createdAt": "2020-08-18T04:57:28.215Z",
        "_modifiedAt": "2020-08-18T04:57:28.215Z",
        "_lv": 1,
        "deploymentVersion": 1,
        "enabled": false,
        "backendId": "BkvSL9nAI",
        "modelId": "Workflow",
        "event": "function beforeSave (event){\n /* Add Your Logic Here\t\n\t//apis.utility.logger.debug();\n\t*/\n}",
        "eventName": "beforeSave",
        "_v": 0
    },
    {
        "_id": "HJP7SxucwVw",
        "_deleted": false,
        "_createdAt": "2020-08-18T04:57:28.216Z",
        "_modifiedAt": "2020-08-18T04:57:28.216Z",
        "_lv": 1,
        "deploymentVersion": 1,
        "enabled": false,
        "backendId": "BkvSL9nAI",
        "modelId": "jobDetail",
        "event": "function afterDelete (event){\n /* Add Your Logic Here\t\n\t//apis.utility.logger.debug();\n\t*/\n}",
        "eventName": "afterDelete",
        "_v": 0
    },
    {
        "_id": "r1_Xrg_5vNw",
        "_deleted": false,
        "_createdAt": "2020-08-18T04:57:28.205Z",
        "_modifiedAt": "2020-08-18T04:57:28.205Z",
        "_lv": 1,
        "deploymentVersion": 1,
        "enabled": false,
        "backendId": "BkvSL9nAI",
        "modelId": "jobDetail",
        "event": "function afterRead (event){\n /* Add Your Logic Here\t\n\t//apis.utility.logger.debug();\n\t*/\n}",
        "eventName": "afterRead",
        "_v": 0
    },
    {
        "_id": "HJKXHxd5P4P",
        "_deleted": false,
        "_createdAt": "2020-08-18T04:57:28.220Z",
        "_modifiedAt": "2020-08-18T04:57:28.220Z",
        "_lv": 1,
        "deploymentVersion": 1,
        "enabled": false,
        "backendId": "BkvSL9nAI",
        "modelId": "jobDetail",
        "event": "function afterSave (event){\n /* Add Your Logic Here\t\n\t//apis.utility.logger.debug();\n\t*/\n}",
        "eventName": "afterSave",
        "_v": 0
    },
    {
        "_id": "HJ5XrxuqvNP",
        "_deleted": false,
        "_createdAt": "2020-08-18T04:57:28.209Z",
        "_modifiedAt": "2020-08-18T04:57:28.209Z",
        "_lv": 1,
        "deploymentVersion": 1,
        "enabled": false,
        "backendId": "BkvSL9nAI",
        "modelId": "jobDetail",
        "event": "function beforeDelete (event){\n /* Add Your Logic Here\t\n\t//apis.utility.logger.debug();\n\t*/\n}",
        "eventName": "beforeDelete",
        "_v": 0
    },
    {
        "_id": "S1s7HeuqwVD",
        "_deleted": false,
        "_createdAt": "2020-08-18T04:57:28.213Z",
        "_modifiedAt": "2020-08-18T04:57:28.213Z",
        "_lv": 1,
        "deploymentVersion": 1,
        "enabled": false,
        "backendId": "BkvSL9nAI",
        "modelId": "jobDetail",
        "event": "function beforeRead (event){\n /* Add Your Logic Here\t\n\t//apis.utility.logger.debug();\n\t*/\n}",
        "eventName": "beforeRead",
        "_v": 0
    },
    {
        "_id": "SyhXSlO5vVP",
        "_deleted": false,
        "_createdAt": "2020-08-18T04:57:28.205Z",
        "_modifiedAt": "2020-08-18T04:57:28.205Z",
        "_lv": 1,
        "deploymentVersion": 1,
        "enabled": false,
        "backendId": "BkvSL9nAI",
        "modelId": "jobDetail",
        "event": "function beforeSave (event){\n /* Add Your Logic Here\t\n\t//apis.utility.logger.debug();\n\t*/\n}",
        "eventName": "beforeSave",
        "_v": 0
    },
    {
        "_id": "S1p7Hgu9wNv",
        "_deleted": false,
        "_createdAt": "2020-08-18T04:57:28.210Z",
        "_modifiedAt": "2020-08-18T04:57:28.210Z",
        "_lv": 1,
        "deploymentVersion": 1,
        "enabled": false,
        "backendId": "BkvSL9nAI",
        "modelId": "mapping",
        "event": "function afterDelete (event){\n /* Add Your Logic Here\t\n\t//apis.utility.logger.debug();\n\t*/\n}",
        "eventName": "afterDelete",
        "_v": 0
    },
    {
        "_id": "H1AmBeOqPED",
        "_deleted": false,
        "_createdAt": "2020-08-18T04:57:28.218Z",
        "_modifiedAt": "2020-08-18T04:57:28.218Z",
        "_lv": 1,
        "deploymentVersion": 1,
        "enabled": false,
        "backendId": "BkvSL9nAI",
        "modelId": "mapping",
        "event": "function afterRead (event){\n /* Add Your Logic Here\t\n\t//apis.utility.logger.debug();\n\t*/\n}",
        "eventName": "afterRead",
        "_v": 0
    },
    {
        "_id": "SJ1VrgO5PVD",
        "_deleted": false,
        "_createdAt": "2020-08-18T04:57:28.206Z",
        "_modifiedAt": "2020-08-18T04:57:28.206Z",
        "_lv": 1,
        "deploymentVersion": 1,
        "enabled": false,
        "backendId": "BkvSL9nAI",
        "modelId": "mapping",
        "event": "function afterSave (event){\n /* Add Your Logic Here\t\n\t//apis.utility.logger.debug();\n\t*/\n}",
        "eventName": "afterSave",
        "_v": 0
    },
    {
        "_id": "BJe4re_5wNv",
        "_deleted": false,
        "_createdAt": "2020-08-18T04:57:28.214Z",
        "_modifiedAt": "2020-08-18T04:57:28.214Z",
        "_lv": 1,
        "deploymentVersion": 1,
        "enabled": false,
        "backendId": "BkvSL9nAI",
        "modelId": "mapping",
        "event": "function beforeDelete (event){\n /* Add Your Logic Here\t\n\t//apis.utility.logger.debug();\n\t*/\n}",
        "eventName": "beforeDelete",
        "_v": 0
    },
    {
        "_id": "rkW4Sl_cP4v",
        "_deleted": false,
        "_createdAt": "2020-08-18T04:57:28.193Z",
        "_modifiedAt": "2020-08-18T04:57:28.193Z",
        "_lv": 1,
        "deploymentVersion": 1,
        "enabled": false,
        "backendId": "BkvSL9nAI",
        "modelId": "mapping",
        "event": "function beforeRead (event){\n /* Add Your Logic Here\t\n\t//apis.utility.logger.debug();\n\t*/\n}",
        "eventName": "beforeRead",
        "_v": 0
    },
    {
        "_id": "rkfVrxucPNv",
        "_deleted": false,
        "_createdAt": "2020-08-18T04:57:28.217Z",
        "_modifiedAt": "2020-08-18T04:57:28.217Z",
        "_lv": 1,
        "deploymentVersion": 1,
        "enabled": false,
        "backendId": "BkvSL9nAI",
        "modelId": "mapping",
        "event": "function beforeSave (event){\n /* Add Your Logic Here\t\n\t//apis.utility.logger.debug();\n\t*/\n}",
        "eventName": "beforeSave",
        "_v": 0
    },
    {
        "_id": "ry7EBldqvEw",
        "_deleted": true,
        "_createdAt": "2020-09-08T10:47:47.120Z",
        "_modifiedAt": "2020-09-08T10:47:47.120Z",
        "_lv": 1,
        "deploymentVersion": 10,
        "enabled": false,
        "backendId": "BkvSL9nAI",
        "modelId": "rtyrtyrty",
        "event": "function afterDelete (event){\n /* Add Your Logic Here\t\n\t//apis.utility.logger.debug();\n\t*/\n}",
        "eventName": "afterDelete",
        "_v": 0
    },
    {
        "_id": "S1V4Hxu5vEv",
        "_deleted": true,
        "_createdAt": "2020-09-08T10:47:47.122Z",
        "_modifiedAt": "2020-09-08T10:47:47.122Z",
        "_lv": 1,
        "deploymentVersion": 10,
        "enabled": false,
        "backendId": "BkvSL9nAI",
        "modelId": "rtyrtyrty",
        "event": "function afterRead (event){\n /* Add Your Logic Here\t\n\t//apis.utility.logger.debug();\n\t*/\n}",
        "eventName": "afterRead",
        "_v": 0
    },
    {
        "_id": "BJrErgOcPND",
        "_deleted": true,
        "_createdAt": "2020-09-08T10:47:47.103Z",
        "_modifiedAt": "2020-09-08T10:47:47.103Z",
        "_lv": 1,
        "deploymentVersion": 10,
        "enabled": false,
        "backendId": "BkvSL9nAI",
        "modelId": "rtyrtyrty",
        "event": "function afterSave (event){\n /* Add Your Logic Here\t\n\t//apis.utility.logger.debug();\n\t*/\n}",
        "eventName": "afterSave",
        "_v": 0
    },
    {
        "_id": "S1IVHgO5DED",
        "_deleted": true,
        "_createdAt": "2020-09-08T10:47:47.120Z",
        "_modifiedAt": "2020-09-08T10:47:47.120Z",
        "_lv": 1,
        "deploymentVersion": 10,
        "enabled": false,
        "backendId": "BkvSL9nAI",
        "modelId": "rtyrtyrty",
        "event": "function beforeDelete (event){\n /* Add Your Logic Here\t\n\t//apis.utility.logger.debug();\n\t*/\n}",
        "eventName": "beforeDelete",
        "_v": 0
    },
    {
        "_id": "B1vEBgd9DVD",
        "_deleted": true,
        "_createdAt": "2020-09-08T10:47:47.122Z",
        "_modifiedAt": "2020-09-08T10:47:47.122Z",
        "_lv": 1,
        "deploymentVersion": 10,
        "enabled": false,
        "backendId": "BkvSL9nAI",
        "modelId": "rtyrtyrty",
        "event": "function beforeRead (event){\n /* Add Your Logic Here\t\n\t//apis.utility.logger.debug();\n\t*/\n}",
        "eventName": "beforeRead",
        "_v": 0
    },
    {
        "_id": "rJuEBgdqP4v",
        "_deleted": true,
        "_createdAt": "2020-09-08T10:47:47.108Z",
        "_modifiedAt": "2020-09-08T10:47:47.108Z",
        "_lv": 1,
        "deploymentVersion": 10,
        "enabled": false,
        "backendId": "BkvSL9nAI",
        "modelId": "rtyrtyrty",
        "event": "function beforeSave (event){\n /* Add Your Logic Here\t\n\t//apis.utility.logger.debug();\n\t*/\n}",
        "eventName": "beforeSave",
        "_v": 0
    },
    {
        "_id": "H1YVBxdcDEv",
        "_deleted": false,
        "_createdAt": "2020-08-18T04:57:28.255Z",
        "_modifiedAt": "2020-08-18T04:57:28.255Z",
        "_lv": 1,
        "deploymentVersion": 1,
        "enabled": false,
        "backendId": "BkvSL9nAI",
        "modelId": "s3ObjectRoleMapping",
        "event": "function afterDelete (event){\n /* Add Your Logic Here\t\n\t//apis.utility.logger.debug();\n\t*/\n}",
        "eventName": "afterDelete",
        "_v": 0
    },
    {
        "_id": "Sk9EBg_9v4D",
        "_deleted": false,
        "_createdAt": "2020-08-18T04:57:28.303Z",
        "_modifiedAt": "2020-08-18T04:57:28.303Z",
        "_lv": 1,
        "deploymentVersion": 1,
        "enabled": false,
        "backendId": "BkvSL9nAI",
        "modelId": "s3ObjectRoleMapping",
        "event": "function afterRead (event){\n /* Add Your Logic Here\t\n\t//apis.utility.logger.debug();\n\t*/\n}",
        "eventName": "afterRead",
        "_v": 0
    },
    {
        "_id": "ByjNHguqDEw",
        "_deleted": false,
        "_createdAt": "2020-08-18T04:57:28.296Z",
        "_modifiedAt": "2020-08-18T04:57:28.296Z",
        "_lv": 1,
        "deploymentVersion": 1,
        "enabled": false,
        "backendId": "BkvSL9nAI",
        "modelId": "s3ObjectRoleMapping",
        "event": "function afterSave (event){\n /* Add Your Logic Here\t\n\t//apis.utility.logger.debug();\n\t*/\n}",
        "eventName": "afterSave",
        "_v": 0
    },
    {
        "_id": "B1hEBgd9wED",
        "_deleted": false,
        "_createdAt": "2020-08-18T04:57:28.286Z",
        "_modifiedAt": "2020-08-18T04:57:28.286Z",
        "_lv": 1,
        "deploymentVersion": 1,
        "enabled": false,
        "backendId": "BkvSL9nAI",
        "modelId": "s3ObjectRoleMapping",
        "event": "function beforeDelete (event){\n /* Add Your Logic Here\t\n\t//apis.utility.logger.debug();\n\t*/\n}",
        "eventName": "beforeDelete",
        "_v": 0
    },
    {
        "_id": "Hy6VBx_5PEP",
        "_deleted": false,
        "_createdAt": "2020-08-18T04:57:28.293Z",
        "_modifiedAt": "2020-08-18T04:57:28.293Z",
        "_lv": 1,
        "deploymentVersion": 1,
        "enabled": false,
        "backendId": "BkvSL9nAI",
        "modelId": "s3ObjectRoleMapping",
        "event": "function beforeRead (event){\n /* Add Your Logic Here\t\n\t//apis.utility.logger.debug();\n\t*/\n}",
        "eventName": "beforeRead",
        "_v": 0
    },
    {
        "_id": "Bk0ESed5vNP",
        "_deleted": false,
        "_createdAt": "2020-08-18T04:57:28.302Z",
        "_modifiedAt": "2020-08-18T04:57:28.302Z",
        "_lv": 1,
        "deploymentVersion": 1,
        "enabled": false,
        "backendId": "BkvSL9nAI",
        "modelId": "s3ObjectRoleMapping",
        "event": "function beforeSave (event){\n /* Add Your Logic Here\t\n\t//apis.utility.logger.debug();\n\t*/\n}",
        "eventName": "beforeSave",
        "_v": 0
    },
    {
        "_id": "BJyBreOqw4v",
        "_deleted": true,
        "_createdAt": "2020-09-08T10:28:23.214Z",
        "_modifiedAt": "2020-09-08T10:28:23.214Z",
        "_lv": 1,
        "deploymentVersion": 8,
        "enabled": false,
        "backendId": "BkvSL9nAI",
        "modelId": "singh",
        "event": "function afterDelete (event){\n /* Add Your Logic Here\t\n\t//apis.utility.logger.debug();\n\t*/\n}",
        "eventName": "afterDelete",
        "_v": 0
    },
    {
        "_id": "rygSHx_9wVw",
        "_deleted": true,
        "_createdAt": "2020-09-08T10:28:23.216Z",
        "_modifiedAt": "2020-09-08T10:28:23.216Z",
        "_lv": 1,
        "deploymentVersion": 8,
        "enabled": false,
        "backendId": "BkvSL9nAI",
        "modelId": "singh",
        "event": "function afterRead (event){\n /* Add Your Logic Here\t\n\t//apis.utility.logger.debug();\n\t*/\n}",
        "eventName": "afterRead",
        "_v": 0
    },
    {
        "_id": "HkWBrluqvEv",
        "_deleted": true,
        "_createdAt": "2020-09-08T10:28:23.210Z",
        "_modifiedAt": "2020-09-08T10:28:23.210Z",
        "_lv": 1,
        "deploymentVersion": 8,
        "enabled": false,
        "backendId": "BkvSL9nAI",
        "modelId": "singh",
        "event": "function afterSave (event){\n /* Add Your Logic Here\t\n\t//apis.utility.logger.debug();\n\t*/\n}",
        "eventName": "afterSave",
        "_v": 0
    },
    {
        "_id": "BJzBSgu9P4P",
        "_deleted": true,
        "_createdAt": "2020-09-08T10:28:23.204Z",
        "_modifiedAt": "2020-09-08T10:28:23.204Z",
        "_lv": 1,
        "deploymentVersion": 8,
        "enabled": false,
        "backendId": "BkvSL9nAI",
        "modelId": "singh",
        "event": "function beforeDelete (event){\n /* Add Your Logic Here\t\n\t//apis.utility.logger.debug();\n\t*/\n}",
        "eventName": "beforeDelete",
        "_v": 0
    },
    {
        "_id": "ryQBBgOcvNw",
        "_deleted": true,
        "_createdAt": "2020-09-08T10:28:23.215Z",
        "_modifiedAt": "2020-09-08T10:28:23.215Z",
        "_lv": 1,
        "deploymentVersion": 8,
        "enabled": false,
        "backendId": "BkvSL9nAI",
        "modelId": "singh",
        "event": "function beforeRead (event){\n /* Add Your Logic Here\t\n\t//apis.utility.logger.debug();\n\t*/\n}",
        "eventName": "beforeRead",
        "_v": 0
    },
    {
        "_id": "HyNrrl_5DND",
        "_deleted": true,
        "_createdAt": "2020-09-08T10:28:23.210Z",
        "_modifiedAt": "2020-09-08T10:28:23.210Z",
        "_lv": 1,
        "deploymentVersion": 8,
        "enabled": false,
        "backendId": "BkvSL9nAI",
        "modelId": "singh",
        "event": "function beforeSave (event){\n /* Add Your Logic Here\t\n\t//apis.utility.logger.debug();\n\t*/\n}",
        "eventName": "beforeSave",
        "_v": 0
    },
    {
        "_id": "S1SrHxuqvEv",
        "_deleted": false,
        "_createdAt": "2020-09-09T10:48:04.833Z",
        "_modifiedAt": "2020-09-09T10:48:04.833Z",
        "_lv": 1,
        "deploymentVersion": 17,
        "enabled": false,
        "backendId": "BkvSL9nAI",
        "modelId": "smile",
        "event": "function afterDelete (event){\n /* Add Your Logic Here\t\n\t//apis.utility.logger.debug();\n\t*/\n}",
        "eventName": "afterDelete",
        "_v": 0
    },
    {
        "_id": "SJLBrgdcPEv",
        "_deleted": false,
        "_createdAt": "2020-09-09T10:48:04.835Z",
        "_modifiedAt": "2020-09-09T10:48:04.835Z",
        "_lv": 1,
        "deploymentVersion": 17,
        "enabled": false,
        "backendId": "BkvSL9nAI",
        "modelId": "smile",
        "event": "function afterRead (event){\n /* Add Your Logic Here\t\n\t//apis.utility.logger.debug();\n\t*/\n}",
        "eventName": "afterRead",
        "_v": 0
    },
    {
        "_id": "BJwSSlOqwNw",
        "_deleted": false,
        "_createdAt": "2020-09-09T10:48:04.819Z",
        "_modifiedAt": "2020-09-09T10:48:04.819Z",
        "_lv": 1,
        "deploymentVersion": 17,
        "enabled": false,
        "backendId": "BkvSL9nAI",
        "modelId": "smile",
        "event": "function afterSave (event){\n /* Add Your Logic Here\t\n\t//apis.utility.logger.debug();\n\t*/\n}",
        "eventName": "afterSave",
        "_v": 0
    },
    {
        "_id": "ByOrre_9DVv",
        "_deleted": false,
        "_createdAt": "2020-09-09T10:48:04.830Z",
        "_modifiedAt": "2020-09-09T10:48:04.830Z",
        "_lv": 1,
        "deploymentVersion": 17,
        "enabled": false,
        "backendId": "BkvSL9nAI",
        "modelId": "smile",
        "event": "function beforeDelete (event){\n /* Add Your Logic Here\t\n\t//apis.utility.logger.debug();\n\t*/\n}",
        "eventName": "beforeDelete",
        "_v": 0
    },
    {
        "_id": "BJKrHeOqvEv",
        "_deleted": false,
        "_createdAt": "2020-09-09T10:48:04.831Z",
        "_modifiedAt": "2020-09-09T10:48:04.831Z",
        "_lv": 1,
        "deploymentVersion": 17,
        "enabled": false,
        "backendId": "BkvSL9nAI",
        "modelId": "smile",
        "event": "function beforeRead (event){\n /* Add Your Logic Here\t\n\t//apis.utility.logger.debug();\n\t*/\n}",
        "eventName": "beforeRead",
        "_v": 0
    },
    {
        "_id": "BkqHHeu5w4w",
        "_deleted": false,
        "_createdAt": "2020-09-09T10:48:04.812Z",
        "_modifiedAt": "2020-09-09T10:48:04.812Z",
        "_lv": 1,
        "deploymentVersion": 17,
        "enabled": false,
        "backendId": "BkvSL9nAI",
        "modelId": "smile",
        "event": "function beforeSave (event){\n /* Add Your Logic Here\t\n\t//apis.utility.logger.debug();\n\t*/\n}",
        "eventName": "beforeSave",
        "_v": 0
    }
]