[
    {
        "_id": "ryZndcwEv",
        "_deleted": false,
        "_createdAt": "2020-08-18T04:57:28.295Z",
        "_modifiedAt": "2020-08-18T04:57:28.295Z",
        "_lv": 1,
        "deploymentVersion": 1,
        "enabled": false,
        "backendId": "BkvSL9nAI",
        "modelId": "AccessKey",
        "event": "function afterDelete (event){\n /* Add Your Logic Here\t\n\t//apis.utility.logger.debug();\n\t*/\n}",
        "eventName": "afterDelete",
        "_v": 0
    },
    {
        "_id": "SkeZhu5D4v",
        "_deleted": false,
        "_createdAt": "2020-08-18T04:57:28.254Z",
        "_modifiedAt": "2020-08-18T04:57:28.254Z",
        "_lv": 1,
        "deploymentVersion": 1,
        "enabled": false,
        "backendId": "BkvSL9nAI",
        "modelId": "AccessKey",
        "event": "function afterRead (event){\n /* Add Your Logic Here\t\n\t//apis.utility.logger.debug();\n\t*/\n}",
        "eventName": "afterRead",
        "_v": 0
    },
    {
        "_id": "S1b-nu5wVP",
        "_deleted": false,
        "_createdAt": "2020-08-18T04:57:28.285Z",
        "_modifiedAt": "2020-08-18T04:57:28.285Z",
        "_lv": 1,
        "deploymentVersion": 1,
        "enabled": false,
        "backendId": "BkvSL9nAI",
        "modelId": "AccessKey",
        "event": "function afterSave (event){\n /* Add Your Logic Here\t\n\t//apis.utility.logger.debug();\n\t*/\n}",
        "eventName": "afterSave",
        "_v": 0
    },
    {
        "_id": "rkfbhdqwNv",
        "_deleted": false,
        "_createdAt": "2020-08-18T04:57:28.301Z",
        "_modifiedAt": "2020-08-18T04:57:28.301Z",
        "_lv": 1,
        "deploymentVersion": 1,
        "enabled": false,
        "backendId": "BkvSL9nAI",
        "modelId": "AccessKey",
        "event": "function beforeDelete (event){\n /* Add Your Logic Here\t\n\t//apis.utility.logger.debug();\n\t*/\n}",
        "eventName": "beforeDelete",
        "_v": 0
    },
    {
        "_id": "HkQbh_5PNP",
        "_deleted": false,
        "_createdAt": "2020-08-18T04:57:28.257Z",
        "_modifiedAt": "2020-08-18T04:57:28.257Z",
        "_lv": 1,
        "deploymentVersion": 1,
        "enabled": false,
        "backendId": "BkvSL9nAI",
        "modelId": "AccessKey",
        "event": "function beforeRead (event){\n /* Add Your Logic Here\t\n\t//apis.utility.logger.debug();\n\t*/\n}",
        "eventName": "beforeRead",
        "_v": 0
    },
    {
        "_id": "S1V-3uqv4v",
        "_deleted": false,
        "_createdAt": "2020-08-18T04:57:28.254Z",
        "_modifiedAt": "2020-08-18T04:57:28.254Z",
        "_lv": 1,
        "deploymentVersion": 1,
        "enabled": false,
        "backendId": "BkvSL9nAI",
        "modelId": "AccessKey",
        "event": "function beforeSave (event){\n /* Add Your Logic Here\t\n\t//apis.utility.logger.debug();\n\t*/\n}",
        "eventName": "beforeSave",
        "_v": 0
    },
    {
        "_id": "rJHbh_5vEP",
        "_deleted": false,
        "_createdAt": "2020-08-18T04:57:28.200Z",
        "_modifiedAt": "2020-08-18T04:57:28.200Z",
        "_lv": 1,
        "deploymentVersion": 1,
        "enabled": false,
        "backendId": "BkvSL9nAI",
        "modelId": "Attachment",
        "event": "function afterDelete (event){\n /* Add Your Logic Here\t\n\t//apis.utility.logger.debug();\n\t*/\n}",
        "eventName": "afterDelete",
        "_v": 0
    },
    {
        "_id": "rkLZhO5v4v",
        "_deleted": false,
        "_createdAt": "2020-08-18T04:57:28.207Z",
        "_modifiedAt": "2020-08-18T04:57:28.207Z",
        "_lv": 1,
        "deploymentVersion": 1,
        "enabled": false,
        "backendId": "BkvSL9nAI",
        "modelId": "Attachment",
        "event": "function afterRead (event){\n /* Add Your Logic Here\t\n\t//apis.utility.logger.debug();\n\t*/\n}",
        "eventName": "afterRead",
        "_v": 0
    },
    {
        "_id": "rJPW3O5DEw",
        "_deleted": false,
        "_createdAt": "2020-08-18T04:57:28.215Z",
        "_modifiedAt": "2020-08-18T04:57:28.215Z",
        "_lv": 1,
        "deploymentVersion": 1,
        "enabled": false,
        "backendId": "BkvSL9nAI",
        "modelId": "Attachment",
        "event": "function afterSave (event){\n /* Add Your Logic Here\t\n\t//apis.utility.logger.debug();\n\t*/\n}",
        "eventName": "afterSave",
        "_v": 0
    },
    {
        "_id": "Sku-ndcDVw",
        "_deleted": false,
        "_createdAt": "2020-08-18T04:57:28.211Z",
        "_modifiedAt": "2020-08-18T04:57:28.211Z",
        "_lv": 1,
        "deploymentVersion": 1,
        "enabled": false,
        "backendId": "BkvSL9nAI",
        "modelId": "Attachment",
        "event": "function beforeDelete (event){\n /* Add Your Logic Here\t\n\t//apis.utility.logger.debug();\n\t*/\n}",
        "eventName": "beforeDelete",
        "_v": 0
    },
    {
        "_id": "r1KZndqPNP",
        "_deleted": false,
        "_createdAt": "2020-08-18T04:57:28.218Z",
        "_modifiedAt": "2020-08-18T04:57:28.218Z",
        "_lv": 1,
        "deploymentVersion": 1,
        "enabled": false,
        "backendId": "BkvSL9nAI",
        "modelId": "Attachment",
        "event": "function beforeRead (event){\n /* Add Your Logic Here\t\n\t//apis.utility.logger.debug();\n\t*/\n}",
        "eventName": "beforeRead",
        "_v": 0
    },
    {
        "_id": "Sk5b3O5DNP",
        "_deleted": false,
        "_createdAt": "2020-08-18T04:57:28.207Z",
        "_modifiedAt": "2020-08-18T04:57:28.207Z",
        "_lv": 1,
        "deploymentVersion": 1,
        "enabled": false,
        "backendId": "BkvSL9nAI",
        "modelId": "Attachment",
        "event": "function beforeSave (event){\n /* Add Your Logic Here\t\n\t//apis.utility.logger.debug();\n\t*/\n}",
        "eventName": "beforeSave",
        "_v": 0
    },
    {
        "_id": "r1o-nuqv4v",
        "_deleted": false,
        "_createdAt": "2020-08-18T04:57:28.206Z",
        "_modifiedAt": "2020-08-18T04:57:28.206Z",
        "_lv": 1,
        "deploymentVersion": 1,
        "enabled": false,
        "backendId": "BkvSL9nAI",
        "modelId": "Connection",
        "event": "function afterDelete (event){\n /* Add Your Logic Here\t\n\t//apis.utility.logger.debug();\n\t*/\n}",
        "eventName": "afterDelete",
        "_v": 0
    },
    {
        "_id": "rknZ3_cwED",
        "_deleted": false,
        "_createdAt": "2020-08-18T04:57:28.210Z",
        "_modifiedAt": "2020-08-18T04:57:28.210Z",
        "_lv": 1,
        "deploymentVersion": 1,
        "enabled": false,
        "backendId": "BkvSL9nAI",
        "modelId": "Connection",
        "event": "function afterRead (event){\n /* Add Your Logic Here\t\n\t//apis.utility.logger.debug();\n\t*/\n}",
        "eventName": "afterRead",
        "_v": 0
    },
    {
        "_id": "Bk6-nOcw4v",
        "_deleted": false,
        "_createdAt": "2020-08-18T04:57:28.217Z",
        "_modifiedAt": "2020-08-18T04:57:28.217Z",
        "_lv": 1,
        "deploymentVersion": 1,
        "enabled": false,
        "backendId": "BkvSL9nAI",
        "modelId": "Connection",
        "event": "function afterSave (event){\n /* Add Your Logic Here\t\n\t//apis.utility.logger.debug();\n\t*/\n}",
        "eventName": "afterSave",
        "_v": 0
    },
    {
        "_id": "Bk0b2d5DND",
        "_deleted": false,
        "_createdAt": "2020-08-18T04:57:28.214Z",
        "_modifiedAt": "2020-08-18T04:57:28.214Z",
        "_lv": 1,
        "deploymentVersion": 1,
        "enabled": false,
        "backendId": "BkvSL9nAI",
        "modelId": "Connection",
        "event": "function beforeDelete (event){\n /* Add Your Logic Here\t\n\t//apis.utility.logger.debug();\n\t*/\n}",
        "eventName": "beforeDelete",
        "_v": 0
    },
    {
        "_id": "SJklWhu9DVP",
        "_deleted": false,
        "_createdAt": "2020-08-18T04:57:28.222Z",
        "_modifiedAt": "2020-08-18T04:57:28.222Z",
        "_lv": 1,
        "deploymentVersion": 1,
        "enabled": false,
        "backendId": "BkvSL9nAI",
        "modelId": "Connection",
        "event": "function beforeRead (event){\n /* Add Your Logic Here\t\n\t//apis.utility.logger.debug();\n\t*/\n}",
        "eventName": "beforeRead",
        "_v": 0
    },
    {
        "_id": "rkggWnOcPVP",
        "_deleted": false,
        "_createdAt": "2020-08-18T04:57:28.209Z",
        "_modifiedAt": "2020-08-18T04:57:28.209Z",
        "_lv": 1,
        "deploymentVersion": 1,
        "enabled": false,
        "backendId": "BkvSL9nAI",
        "modelId": "Connection",
        "event": "function beforeSave (event){\n /* Add Your Logic Here\t\n\t//apis.utility.logger.debug();\n\t*/\n}",
        "eventName": "beforeSave",
        "_v": 0
    },
    {
        "_id": "Hy-g-hO9wEP",
        "_deleted": false,
        "_createdAt": "2020-09-09T04:07:54.375Z",
        "_modifiedAt": "2020-09-09T04:07:54.375Z",
        "_lv": 1,
        "deploymentVersion": 11,
        "enabled": false,
        "backendId": "BkvSL9nAI",
        "modelId": "LifeOfPie",
        "event": "function afterDelete (event){\n /* Add Your Logic Here\t\n\t//apis.utility.logger.debug();\n\t*/\n}",
        "eventName": "afterDelete",
        "_v": 0
    },
    {
        "_id": "Hyfxb3_cw4w",
        "_deleted": false,
        "_createdAt": "2020-09-09T04:07:54.373Z",
        "_modifiedAt": "2020-09-09T04:07:54.373Z",
        "_lv": 1,
        "deploymentVersion": 11,
        "enabled": false,
        "backendId": "BkvSL9nAI",
        "modelId": "LifeOfPie",
        "event": "function afterRead (event){\n /* Add Your Logic Here\t\n\t//apis.utility.logger.debug();\n\t*/\n}",
        "eventName": "afterRead",
        "_v": 0
    },
    {
        "_id": "SJ7l-nOcDNP",
        "_deleted": false,
        "_createdAt": "2020-09-09T04:07:54.372Z",
        "_modifiedAt": "2020-09-09T04:07:54.372Z",
        "_lv": 1,
        "deploymentVersion": 11,
        "enabled": false,
        "backendId": "BkvSL9nAI",
        "modelId": "LifeOfPie",
        "event": "function afterSave (event){\n /* Add Your Logic Here\t\n\t//apis.utility.logger.debug();\n\t*/\n}",
        "eventName": "afterSave",
        "_v": 0
    },
    {
        "_id": "H1Nxbn_cwND",
        "_deleted": false,
        "_createdAt": "2020-09-09T04:07:54.371Z",
        "_modifiedAt": "2020-09-09T04:07:54.371Z",
        "_lv": 1,
        "deploymentVersion": 11,
        "enabled": false,
        "backendId": "BkvSL9nAI",
        "modelId": "LifeOfPie",
        "event": "function beforeDelete (event){\n /* Add Your Logic Here\t\n\t//apis.utility.logger.debug();\n\t*/\n}",
        "eventName": "beforeDelete",
        "_v": 0
    },
    {
        "_id": "SkBxbn_cD4v",
        "_deleted": false,
        "_createdAt": "2020-09-09T04:07:54.364Z",
        "_modifiedAt": "2020-09-09T04:07:54.364Z",
        "_lv": 1,
        "deploymentVersion": 11,
        "enabled": false,
        "backendId": "BkvSL9nAI",
        "modelId": "LifeOfPie",
        "event": "function beforeRead (event){\n /* Add Your Logic Here\t\n\t//apis.utility.logger.debug();\n\t*/\n}",
        "eventName": "beforeRead",
        "_v": 0
    },
    {
        "_id": "rk8eWhd9DEw",
        "_deleted": false,
        "_createdAt": "2020-09-09T04:07:54.371Z",
        "_modifiedAt": "2020-09-09T04:07:54.371Z",
        "_lv": 1,
        "deploymentVersion": 11,
        "enabled": false,
        "backendId": "BkvSL9nAI",
        "modelId": "LifeOfPie",
        "event": "function beforeSave (event){\n /* Add Your Logic Here\t\n\t//apis.utility.logger.debug();\n\t*/\n}",
        "eventName": "beforeSave",
        "_v": 0
    },
    {
        "_id": "ByPxZnucvVw",
        "_deleted": false,
        "_createdAt": "2020-09-09T06:46:33.634Z",
        "_modifiedAt": "2020-09-09T06:46:33.634Z",
        "_lv": 1,
        "deploymentVersion": 13,
        "enabled": false,
        "backendId": "BkvSL9nAI",
        "modelId": "ModelOne",
        "event": "function afterDelete (event){\n /* Add Your Logic Here\t\n\t//apis.utility.logger.debug();\n\t*/\n}",
        "eventName": "afterDelete",
        "_v": 0
    },
    {
        "_id": "r1dlZhdqv4v",
        "_deleted": false,
        "_createdAt": "2020-09-09T06:46:33.634Z",
        "_modifiedAt": "2020-09-09T06:46:33.634Z",
        "_lv": 1,
        "deploymentVersion": 13,
        "enabled": false,
        "backendId": "BkvSL9nAI",
        "modelId": "ModelOne",
        "event": "function afterRead (event){\n /* Add Your Logic Here\t\n\t//apis.utility.logger.debug();\n\t*/\n}",
        "eventName": "afterRead",
        "_v": 0
    },
    {
        "_id": "rJKgZ3ucPVw",
        "_deleted": false,
        "_createdAt": "2020-09-09T06:46:33.633Z",
        "_modifiedAt": "2020-09-09T06:46:33.633Z",
        "_lv": 1,
        "deploymentVersion": 13,
        "enabled": false,
        "backendId": "BkvSL9nAI",
        "modelId": "ModelOne",
        "event": "function afterSave (event){\n /* Add Your Logic Here\t\n\t//apis.utility.logger.debug();\n\t*/\n}",
        "eventName": "afterSave",
        "_v": 0
    },
    {
        "_id": "SyclbnO9wVD",
        "_deleted": false,
        "_createdAt": "2020-09-09T06:46:33.635Z",
        "_modifiedAt": "2020-09-09T06:46:33.635Z",
        "_lv": 1,
        "deploymentVersion": 13,
        "enabled": false,
        "backendId": "BkvSL9nAI",
        "modelId": "ModelOne",
        "event": "function beforeDelete (event){\n /* Add Your Logic Here\t\n\t//apis.utility.logger.debug();\n\t*/\n}",
        "eventName": "beforeDelete",
        "_v": 0
    },
    {
        "_id": "H1jlZhdqw4v",
        "_deleted": false,
        "_createdAt": "2020-09-09T06:46:33.632Z",
        "_modifiedAt": "2020-09-09T06:46:33.632Z",
        "_lv": 1,
        "deploymentVersion": 13,
        "enabled": true,
        "backendId": "BkvSL9nAI",
        "modelId": "ModelOne",
        "event": "function beforeRead (event){\n\n\tconsole.log(\"hello\")\n\n}",
        "eventName": "beforeRead",
        "_v": 0
    },
    {
        "_id": "Hy3xZ2d9PNw",
        "_deleted": false,
        "_createdAt": "2020-09-09T06:46:33.634Z",
        "_modifiedAt": "2020-09-09T06:46:33.634Z",
        "_lv": 1,
        "deploymentVersion": 13,
        "enabled": false,
        "backendId": "BkvSL9nAI",
        "modelId": "ModelOne",
        "event": "function beforeSave (event){\n /* Add Your Logic Here\t\n\t//apis.utility.logger.debug();\n\t*/\n}",
        "eventName": "beforeSave",
        "_v": 0
    },
    {
        "_id": "SJTeWn_cPEv",
        "_deleted": false,
        "_createdAt": "2020-09-09T06:33:17.011Z",
        "_modifiedAt": "2020-09-09T06:33:17.011Z",
        "_lv": 1,
        "deploymentVersion": 12,
        "enabled": false,
        "backendId": "BkvSL9nAI",
        "modelId": "ModelZero",
        "event": "function afterDelete (event){\n /* Add Your Logic Here\t\n\t//apis.utility.logger.debug();\n\t*/\n}",
        "eventName": "afterDelete",
        "_v": 0
    },
    {
        "_id": "r1Cxbhu5vEw",
        "_deleted": false,
        "_createdAt": "2020-09-09T06:33:17.012Z",
        "_modifiedAt": "2020-09-09T06:33:17.012Z",
        "_lv": 1,
        "deploymentVersion": 12,
        "enabled": false,
        "backendId": "BkvSL9nAI",
        "modelId": "ModelZero",
        "event": "function afterRead (event){\n /* Add Your Logic Here\t\n\t//apis.utility.logger.debug();\n\t*/\n}",
        "eventName": "afterRead",
        "_v": 0
    },
    {
        "_id": "ryJb-huqwND",
        "_deleted": false,
        "_createdAt": "2020-09-09T06:33:17.014Z",
        "_modifiedAt": "2020-09-09T06:33:17.014Z",
        "_lv": 1,
        "deploymentVersion": 12,
        "enabled": false,
        "backendId": "BkvSL9nAI",
        "modelId": "ModelZero",
        "event": "function afterSave (event){\n /* Add Your Logic Here\t\n\t//apis.utility.logger.debug();\n\t*/\n}",
        "eventName": "afterSave",
        "_v": 0
    },
    {
        "_id": "rkeZ-nuqDNw",
        "_deleted": false,
        "_createdAt": "2020-09-09T06:33:17.017Z",
        "_modifiedAt": "2020-09-09T06:33:17.017Z",
        "_lv": 1,
        "deploymentVersion": 12,
        "enabled": false,
        "backendId": "BkvSL9nAI",
        "modelId": "ModelZero",
        "event": "function beforeDelete (event){\n /* Add Your Logic Here\t\n\t//apis.utility.logger.debug();\n\t*/\n}",
        "eventName": "beforeDelete",
        "_v": 0
    },
    {
        "_id": "ry--bh_9PNP",
        "_deleted": false,
        "_createdAt": "2020-09-09T06:33:17.017Z",
        "_modifiedAt": "2020-09-09T06:33:17.017Z",
        "_lv": 1,
        "deploymentVersion": 12,
        "enabled": false,
        "backendId": "BkvSL9nAI",
        "modelId": "ModelZero",
        "event": "function beforeRead (event){\n /* Add Your Logic Here\t\n\t//apis.utility.logger.debug();\n\t*/\n}",
        "eventName": "beforeRead",
        "_v": 0
    },
    {
        "_id": "rkG-b2ucwVw",
        "_deleted": false,
        "_createdAt": "2020-09-09T06:33:17.003Z",
        "_modifiedAt": "2020-09-09T06:33:17.003Z",
        "_lv": 1,
        "deploymentVersion": 12,
        "enabled": false,
        "backendId": "BkvSL9nAI",
        "modelId": "ModelZero",
        "event": "function beforeSave (event){\n /* Add Your Logic Here\t\n\t//apis.utility.logger.debug();\n\t*/\n}",
        "eventName": "beforeSave",
        "_v": 0
    },
    {
        "_id": "H1XW-2ucD4v",
        "_deleted": false,
        "_createdAt": "2020-08-27T04:24:56.108Z",
        "_modifiedAt": "2020-08-27T04:24:56.108Z",
        "_lv": 1,
        "deploymentVersion": 2,
        "enabled": false,
        "backendId": "BkvSL9nAI",
        "modelId": "Offer",
        "event": "function afterDelete (event){\n /* Add Your Logic Here\t\n\t//apis.utility.logger.debug();\n\t*/\n}",
        "eventName": "afterDelete",
        "_v": 0
    },
    {
        "_id": "SJ4bZhucPEw",
        "_deleted": false,
        "_createdAt": "2020-08-27T04:24:56.110Z",
        "_modifiedAt": "2020-08-27T04:24:56.110Z",
        "_lv": 1,
        "deploymentVersion": 2,
        "enabled": false,
        "backendId": "BkvSL9nAI",
        "modelId": "Offer",
        "event": "function afterRead (event){\n /* Add Your Logic Here\t\n\t//apis.utility.logger.debug();\n\t*/\n}",
        "eventName": "afterRead",
        "_v": 0
    },
    {
        "_id": "B1rb-nOqwEv",
        "_deleted": false,
        "_createdAt": "2020-08-27T04:24:56.100Z",
        "_modifiedAt": "2020-08-27T04:24:56.100Z",
        "_lv": 1,
        "deploymentVersion": 2,
        "enabled": false,
        "backendId": "BkvSL9nAI",
        "modelId": "Offer",
        "event": "function afterSave (event){\n /* Add Your Logic Here\t\n\t//apis.utility.logger.debug();\n\t*/\n}",
        "eventName": "afterSave",
        "_v": 0
    },
    {
        "_id": "Sy8WW3d5wVP",
        "_deleted": false,
        "_createdAt": "2020-08-27T04:24:56.093Z",
        "_modifiedAt": "2020-08-27T04:24:56.093Z",
        "_lv": 1,
        "deploymentVersion": 2,
        "enabled": false,
        "backendId": "BkvSL9nAI",
        "modelId": "Offer",
        "event": "function beforeDelete (event){\n /* Add Your Logic Here\t\n\t//apis.utility.logger.debug();\n\t*/\n}",
        "eventName": "beforeDelete",
        "_v": 0
    },
    {
        "_id": "rywbZ2_qDVv",
        "_deleted": false,
        "_createdAt": "2020-08-27T04:24:56.114Z",
        "_modifiedAt": "2020-08-27T04:24:56.114Z",
        "_lv": 1,
        "deploymentVersion": 2,
        "enabled": false,
        "backendId": "BkvSL9nAI",
        "modelId": "Offer",
        "event": "function beforeRead (event){\n /* Add Your Logic Here\t\n\t//apis.utility.logger.debug();\n\t*/\n}",
        "eventName": "beforeRead",
        "_v": 0
    },
    {
        "_id": "S1_--nOcw4D",
        "_deleted": false,
        "_createdAt": "2020-08-27T04:24:56.103Z",
        "_modifiedAt": "2020-08-27T04:24:56.103Z",
        "_lv": 1,
        "deploymentVersion": 2,
        "enabled": true,
        "backendId": "BkvSL9nAI",
        "modelId": "Offer",
        "event": "function beforeSave (event){\n // enabled before save\n}",
        "eventName": "beforeSave",
        "_v": 0
    },
    {
        "_id": "SyY-ZhO9wEv",
        "_deleted": false,
        "_createdAt": "2020-08-18T04:57:28.213Z",
        "_modifiedAt": "2020-08-18T04:57:28.213Z",
        "_lv": 1,
        "deploymentVersion": 1,
        "enabled": false,
        "backendId": "BkvSL9nAI",
        "modelId": "Organization",
        "event": "function afterDelete (event){\n /* Add Your Logic Here\t\n\t//apis.utility.logger.debug();\n\t*/\n}",
        "eventName": "afterDelete",
        "_v": 0
    },
    {
        "_id": "Sy5Zb3u5wVD",
        "_deleted": false,
        "_createdAt": "2020-08-18T04:57:28.221Z",
        "_modifiedAt": "2020-08-18T04:57:28.221Z",
        "_lv": 1,
        "deploymentVersion": 1,
        "enabled": false,
        "backendId": "BkvSL9nAI",
        "modelId": "Organization",
        "event": "function afterRead (event){\n /* Add Your Logic Here\t\n\t//apis.utility.logger.debug();\n\t*/\n}",
        "eventName": "afterRead",
        "_v": 0
    },
    {
        "_id": "H1iZbndqvEw",
        "_deleted": false,
        "_createdAt": "2020-08-18T04:57:28.209Z",
        "_modifiedAt": "2020-08-18T04:57:28.209Z",
        "_lv": 1,
        "deploymentVersion": 1,
        "enabled": false,
        "backendId": "BkvSL9nAI",
        "modelId": "Organization",
        "event": "function afterSave (event){\n /* Add Your Logic Here\t\n\t//apis.utility.logger.debug();\n\t*/\n}",
        "eventName": "afterSave",
        "_v": 0
    },
    {
        "_id": "BJhbb2O9P4v",
        "_deleted": false,
        "_createdAt": "2020-08-18T04:57:28.217Z",
        "_modifiedAt": "2020-08-18T04:57:28.217Z",
        "_lv": 1,
        "deploymentVersion": 1,
        "enabled": false,
        "backendId": "BkvSL9nAI",
        "modelId": "Organization",
        "event": "function beforeDelete (event){\n /* Add Your Logic Here\t\n\t//apis.utility.logger.debug();\n\t*/\n}",
        "eventName": "beforeDelete",
        "_v": 0
    },
    {
        "_id": "HyTWZn_cvEv",
        "_deleted": false,
        "_createdAt": "2020-08-18T04:57:28.206Z",
        "_modifiedAt": "2020-08-18T04:57:28.206Z",
        "_lv": 1,
        "deploymentVersion": 1,
        "enabled": false,
        "backendId": "BkvSL9nAI",
        "modelId": "Organization",
        "event": "function beforeRead (event){\n /* Add Your Logic Here\t\n\t//apis.utility.logger.debug();\n\t*/\n}",
        "eventName": "beforeRead",
        "_v": 0
    },
    {
        "_id": "Hy0WZ3uqwNP",
        "_deleted": false,
        "_createdAt": "2020-08-18T04:57:28.221Z",
        "_modifiedAt": "2020-08-18T04:57:28.221Z",
        "_lv": 1,
        "deploymentVersion": 1,
        "enabled": false,
        "backendId": "BkvSL9nAI",
        "modelId": "Organization",
        "event": "function beforeSave (event){\n /* Add Your Logic Here\t\n\t//apis.utility.logger.debug();\n\t*/\n}",
        "eventName": "beforeSave",
        "_v": 0
    },
    {
        "_id": "BJ1GZhuqPVw",
        "_deleted": false,
        "_createdAt": "2020-08-18T04:57:28.285Z",
        "_modifiedAt": "2020-08-18T04:57:28.285Z",
        "_lv": 1,
        "deploymentVersion": 1,
        "enabled": false,
        "backendId": "BkvSL9nAI",
        "modelId": "OrganizationDomain",
        "event": "function afterDelete (event){\n /* Add Your Logic Here\t\n\t//apis.utility.logger.debug();\n\t*/\n}",
        "eventName": "afterDelete",
        "_v": 0
    },
    {
        "_id": "rylG-nOcDEv",
        "_deleted": false,
        "_createdAt": "2020-08-18T04:57:28.293Z",
        "_modifiedAt": "2020-08-18T04:57:28.293Z",
        "_lv": 1,
        "deploymentVersion": 1,
        "enabled": false,
        "backendId": "BkvSL9nAI",
        "modelId": "OrganizationDomain",
        "event": "function afterRead (event){\n /* Add Your Logic Here\t\n\t//apis.utility.logger.debug();\n\t*/\n}",
        "eventName": "afterRead",
        "_v": 0
    },
    {
        "_id": "r1-MWnd5P4P",
        "_deleted": false,
        "_createdAt": "2020-08-18T04:57:28.302Z",
        "_modifiedAt": "2020-08-18T04:57:28.302Z",
        "_lv": 1,
        "deploymentVersion": 1,
        "enabled": false,
        "backendId": "BkvSL9nAI",
        "modelId": "OrganizationDomain",
        "event": "function afterSave (event){\n /* Add Your Logic Here\t\n\t//apis.utility.logger.debug();\n\t*/\n}",
        "eventName": "afterSave",
        "_v": 0
    },
    {
        "_id": "rJzfZhd5wND",
        "_deleted": false,
        "_createdAt": "2020-08-18T04:57:28.295Z",
        "_modifiedAt": "2020-08-18T04:57:28.295Z",
        "_lv": 1,
        "deploymentVersion": 1,
        "enabled": false,
        "backendId": "BkvSL9nAI",
        "modelId": "OrganizationDomain",
        "event": "function beforeDelete (event){\n /* Add Your Logic Here\t\n\t//apis.utility.logger.debug();\n\t*/\n}",
        "eventName": "beforeDelete",
        "_v": 0
    },
    {
        "_id": "HyXzZ2d9D4v",
        "_deleted": false,
        "_createdAt": "2020-08-18T04:57:28.255Z",
        "_modifiedAt": "2020-08-18T04:57:28.255Z",
        "_lv": 1,
        "deploymentVersion": 1,
        "enabled": false,
        "backendId": "BkvSL9nAI",
        "modelId": "OrganizationDomain",
        "event": "function beforeRead (event){\n /* Add Your Logic Here\t\n\t//apis.utility.logger.debug();\n\t*/\n}",
        "eventName": "beforeRead",
        "_v": 0
    },
    {
        "_id": "rkEf-h_5wEP",
        "_deleted": false,
        "_createdAt": "2020-08-18T04:57:28.292Z",
        "_modifiedAt": "2020-08-18T04:57:28.292Z",
        "_lv": 1,
        "deploymentVersion": 1,
        "enabled": false,
        "backendId": "BkvSL9nAI",
        "modelId": "OrganizationDomain",
        "event": "function beforeSave (event){\n /* Add Your Logic Here\t\n\t//apis.utility.logger.debug();\n\t*/\n}",
        "eventName": "beforeSave",
        "_v": 0
    },
    {
        "_id": "HkSM-nOcDNw",
        "_deleted": false,
        "_createdAt": "2020-08-18T04:57:28.301Z",
        "_modifiedAt": "2020-08-18T04:57:28.301Z",
        "_lv": 1,
        "deploymentVersion": 1,
        "enabled": false,
        "backendId": "BkvSL9nAI",
        "modelId": "Rule",
        "event": "function afterDelete (event){\n /* Add Your Logic Here\t\n\t//apis.utility.logger.debug();\n\t*/\n}",
        "eventName": "afterDelete",
        "_v": 0
    },
    {
        "_id": "H1LfZ2O5DNw",
        "_deleted": false,
        "_createdAt": "2020-08-18T04:57:28.256Z",
        "_modifiedAt": "2020-08-18T04:57:28.256Z",
        "_lv": 1,
        "deploymentVersion": 1,
        "enabled": false,
        "backendId": "BkvSL9nAI",
        "modelId": "Rule",
        "event": "function afterRead (event){\n /* Add Your Logic Here\t\n\t//apis.utility.logger.debug();\n\t*/\n}",
        "eventName": "afterRead",
        "_v": 0
    },
    {
        "_id": "B1DGb2d9vVD",
        "_deleted": false,
        "_createdAt": "2020-08-18T04:57:28.253Z",
        "_modifiedAt": "2020-08-18T04:57:28.253Z",
        "_lv": 1,
        "deploymentVersion": 1,
        "enabled": false,
        "backendId": "BkvSL9nAI",
        "modelId": "Rule",
        "event": "function afterSave (event){\n /* Add Your Logic Here\t\n\t//apis.utility.logger.debug();\n\t*/\n}",
        "eventName": "afterSave",
        "_v": 0
    },
    {
        "_id": "ryOzZnu5w4v",
        "_deleted": false,
        "_createdAt": "2020-08-18T04:57:28.284Z",
        "_modifiedAt": "2020-08-18T04:57:28.284Z",
        "_lv": 1,
        "deploymentVersion": 1,
        "enabled": false,
        "backendId": "BkvSL9nAI",
        "modelId": "Rule",
        "event": "function beforeDelete (event){\n /* Add Your Logic Here\t\n\t//apis.utility.logger.debug();\n\t*/\n}",
        "eventName": "beforeDelete",
        "_v": 0
    },
    {
        "_id": "BJKMbn_5DNP",
        "_deleted": false,
        "_createdAt": "2020-08-18T04:57:28.294Z",
        "_modifiedAt": "2020-08-18T04:57:28.294Z",
        "_lv": 1,
        "deploymentVersion": 1,
        "enabled": false,
        "backendId": "BkvSL9nAI",
        "modelId": "Rule",
        "event": "function beforeRead (event){\n /* Add Your Logic Here\t\n\t//apis.utility.logger.debug();\n\t*/\n}",
        "eventName": "beforeRead",
        "_v": 0
    },
    {
        "_id": "S15fZ3_9PVD",
        "_deleted": false,
        "_createdAt": "2020-08-18T04:57:28.256Z",
        "_modifiedAt": "2020-08-18T04:57:28.256Z",
        "_lv": 1,
        "deploymentVersion": 1,
        "enabled": false,
        "backendId": "BkvSL9nAI",
        "modelId": "Rule",
        "event": "function beforeSave (event){\n /* Add Your Logic Here\t\n\t//apis.utility.logger.debug();\n\t*/\n}",
        "eventName": "beforeSave",
        "_v": 0
    },
    {
        "_id": "SkoGZ3d5PNw",
        "_deleted": false,
        "_createdAt": "2020-08-18T04:57:28.208Z",
        "_modifiedAt": "2020-08-18T04:57:28.208Z",
        "_lv": 1,
        "deploymentVersion": 1,
        "enabled": false,
        "backendId": "BkvSL9nAI",
        "modelId": "User",
        "event": "function afterDelete (event){\n /* Add Your Logic Here\t\n\t//apis.utility.logger.debug();\n\t*/\n}",
        "eventName": "afterDelete",
        "_v": 0
    },
    {
        "_id": "Sy2zZ3_cDNv",
        "_deleted": false,
        "_createdAt": "2020-08-18T04:57:28.213Z",
        "_modifiedAt": "2020-08-18T04:57:28.213Z",
        "_lv": 1,
        "deploymentVersion": 1,
        "enabled": false,
        "backendId": "BkvSL9nAI",
        "modelId": "User",
        "event": "function afterRead (event){\n /* Add Your Logic Here\t\n\t//apis.utility.logger.debug();\n\t*/\n}",
        "eventName": "afterRead",
        "_v": 0
    },
    {
        "_id": "H1pM-2ucwVv",
        "_deleted": false,
        "_createdAt": "2020-08-18T04:57:28.204Z",
        "_modifiedAt": "2020-08-18T04:57:28.204Z",
        "_lv": 1,
        "deploymentVersion": 1,
        "enabled": false,
        "backendId": "BkvSL9nAI",
        "modelId": "User",
        "event": "function afterSave (event){\n /* Add Your Logic Here\t\n\t//apis.utility.logger.debug();\n\t*/\n}",
        "eventName": "afterSave",
        "_v": 0
    },
    {
        "_id": "H1Cf-nOqDVw",
        "_deleted": false,
        "_createdAt": "2020-08-18T04:57:28.220Z",
        "_modifiedAt": "2020-08-18T04:57:28.220Z",
        "_lv": 1,
        "deploymentVersion": 1,
        "enabled": false,
        "backendId": "BkvSL9nAI",
        "modelId": "User",
        "event": "function beforeDelete (event){\n /* Add Your Logic Here\t\n\t//apis.utility.logger.debug();\n\t*/\n}",
        "eventName": "beforeDelete",
        "_v": 0
    },
    {
        "_id": "r1ym-n_cwEP",
        "_deleted": false,
        "_createdAt": "2020-08-18T04:57:28.216Z",
        "_modifiedAt": "2020-08-18T04:57:28.216Z",
        "_lv": 1,
        "deploymentVersion": 1,
        "enabled": false,
        "backendId": "BkvSL9nAI",
        "modelId": "User",
        "event": "function beforeRead (event){\n /* Add Your Logic Here\t\n\t//apis.utility.logger.debug();\n\t*/\n}",
        "eventName": "beforeRead",
        "_v": 0
    },
    {
        "_id": "S1eX-hdqPEw",
        "_deleted": false,
        "_createdAt": "2020-08-18T04:57:28.212Z",
        "_modifiedAt": "2020-08-18T04:57:28.212Z",
        "_lv": 1,
        "deploymentVersion": 1,
        "enabled": false,
        "backendId": "BkvSL9nAI",
        "modelId": "User",
        "event": "function beforeSave (event){\n /* Add Your Logic Here\t\n\t//apis.utility.logger.debug();\n\t*/\n}",
        "eventName": "beforeSave",
        "_v": 0
    },
    {
        "_id": "BJ-QW3u9wNv",
        "_deleted": false,
        "_createdAt": "2020-08-18T04:57:28.219Z",
        "_modifiedAt": "2020-08-18T04:57:28.219Z",
        "_lv": 1,
        "deploymentVersion": 1,
        "enabled": false,
        "backendId": "BkvSL9nAI",
        "modelId": "Workflow",
        "event": "function afterDelete (event){\n /* Add Your Logic Here\t\n\t//apis.utility.logger.debug();\n\t*/\n}",
        "eventName": "afterDelete",
        "_v": 0
    },
    {
        "_id": "HJM7-3OqwVv",
        "_deleted": false,
        "_createdAt": "2020-08-18T04:57:28.215Z",
        "_modifiedAt": "2020-08-18T04:57:28.215Z",
        "_lv": 1,
        "deploymentVersion": 1,
        "enabled": false,
        "backendId": "BkvSL9nAI",
        "modelId": "Workflow",
        "event": "function afterRead (event){\n /* Add Your Logic Here\t\n\t//apis.utility.logger.debug();\n\t*/\n}",
        "eventName": "afterRead",
        "_v": 0
    },
    {
        "_id": "r1m7b2_qDEP",
        "_deleted": false,
        "_createdAt": "2020-08-18T04:57:28.212Z",
        "_modifiedAt": "2020-08-18T04:57:28.212Z",
        "_lv": 1,
        "deploymentVersion": 1,
        "enabled": false,
        "backendId": "BkvSL9nAI",
        "modelId": "Workflow",
        "event": "function afterSave (event){\n /* Add Your Logic Here\t\n\t//apis.utility.logger.debug();\n\t*/\n}",
        "eventName": "afterSave",
        "_v": 0
    },
    {
        "_id": "rJV7-3OqPVw",
        "_deleted": false,
        "_createdAt": "2020-08-18T04:57:28.203Z",
        "_modifiedAt": "2020-08-18T04:57:28.203Z",
        "_lv": 1,
        "deploymentVersion": 1,
        "enabled": false,
        "backendId": "BkvSL9nAI",
        "modelId": "Workflow",
        "event": "function beforeDelete (event){\n /* Add Your Logic Here\t\n\t//apis.utility.logger.debug();\n\t*/\n}",
        "eventName": "beforeDelete",
        "_v": 0
    },
    {
        "_id": "ryrm-3u9DNP",
        "_deleted": false,
        "_createdAt": "2020-08-18T04:57:28.208Z",
        "_modifiedAt": "2020-08-18T04:57:28.208Z",
        "_lv": 1,
        "deploymentVersion": 1,
        "enabled": false,
        "backendId": "BkvSL9nAI",
        "modelId": "Workflow",
        "event": "function beforeRead (event){\n /* Add Your Logic Here\t\n\t//apis.utility.logger.debug();\n\t*/\n}",
        "eventName": "beforeRead",
        "_v": 0
    },
    {
        "_id": "Bk8QZ2u9vNP",
        "_deleted": false,
        "_createdAt": "2020-08-18T04:57:28.215Z",
        "_modifiedAt": "2020-08-18T04:57:28.215Z",
        "_lv": 1,
        "deploymentVersion": 1,
        "enabled": false,
        "backendId": "BkvSL9nAI",
        "modelId": "Workflow",
        "event": "function beforeSave (event){\n /* Add Your Logic Here\t\n\t//apis.utility.logger.debug();\n\t*/\n}",
        "eventName": "beforeSave",
        "_v": 0
    },
    {
        "_id": "ByP7Zhd9wEP",
        "_deleted": false,
        "_createdAt": "2020-08-18T04:57:28.216Z",
        "_modifiedAt": "2020-08-18T04:57:28.216Z",
        "_lv": 1,
        "deploymentVersion": 1,
        "enabled": false,
        "backendId": "BkvSL9nAI",
        "modelId": "jobDetail",
        "event": "function afterDelete (event){\n /* Add Your Logic Here\t\n\t//apis.utility.logger.debug();\n\t*/\n}",
        "eventName": "afterDelete",
        "_v": 0
    },
    {
        "_id": "r1_7-hO9PND",
        "_deleted": false,
        "_createdAt": "2020-08-18T04:57:28.205Z",
        "_modifiedAt": "2020-08-18T04:57:28.205Z",
        "_lv": 1,
        "deploymentVersion": 1,
        "enabled": false,
        "backendId": "BkvSL9nAI",
        "modelId": "jobDetail",
        "event": "function afterRead (event){\n /* Add Your Logic Here\t\n\t//apis.utility.logger.debug();\n\t*/\n}",
        "eventName": "afterRead",
        "_v": 0
    },
    {
        "_id": "B1t7Z3_9w4P",
        "_deleted": false,
        "_createdAt": "2020-08-18T04:57:28.220Z",
        "_modifiedAt": "2020-08-18T04:57:28.220Z",
        "_lv": 1,
        "deploymentVersion": 1,
        "enabled": false,
        "backendId": "BkvSL9nAI",
        "modelId": "jobDetail",
        "event": "function afterSave (event){\n /* Add Your Logic Here\t\n\t//apis.utility.logger.debug();\n\t*/\n}",
        "eventName": "afterSave",
        "_v": 0
    },
    {
        "_id": "H15XZ3ucvVD",
        "_deleted": false,
        "_createdAt": "2020-08-18T04:57:28.209Z",
        "_modifiedAt": "2020-08-18T04:57:28.209Z",
        "_lv": 1,
        "deploymentVersion": 1,
        "enabled": false,
        "backendId": "BkvSL9nAI",
        "modelId": "jobDetail",
        "event": "function beforeDelete (event){\n /* Add Your Logic Here\t\n\t//apis.utility.logger.debug();\n\t*/\n}",
        "eventName": "beforeDelete",
        "_v": 0
    },
    {
        "_id": "S1jmWnO5P4v",
        "_deleted": false,
        "_createdAt": "2020-08-18T04:57:28.213Z",
        "_modifiedAt": "2020-08-18T04:57:28.213Z",
        "_lv": 1,
        "deploymentVersion": 1,
        "enabled": false,
        "backendId": "BkvSL9nAI",
        "modelId": "jobDetail",
        "event": "function beforeRead (event){\n /* Add Your Logic Here\t\n\t//apis.utility.logger.debug();\n\t*/\n}",
        "eventName": "beforeRead",
        "_v": 0
    },
    {
        "_id": "S12QbhO9P4v",
        "_deleted": false,
        "_createdAt": "2020-08-18T04:57:28.205Z",
        "_modifiedAt": "2020-08-18T04:57:28.205Z",
        "_lv": 1,
        "deploymentVersion": 1,
        "enabled": false,
        "backendId": "BkvSL9nAI",
        "modelId": "jobDetail",
        "event": "function beforeSave (event){\n /* Add Your Logic Here\t\n\t//apis.utility.logger.debug();\n\t*/\n}",
        "eventName": "beforeSave",
        "_v": 0
    },
    {
        "_id": "H16Q-2_cPVP",
        "_deleted": false,
        "_createdAt": "2020-08-18T04:57:28.210Z",
        "_modifiedAt": "2020-08-18T04:57:28.210Z",
        "_lv": 1,
        "deploymentVersion": 1,
        "enabled": false,
        "backendId": "BkvSL9nAI",
        "modelId": "mapping",
        "event": "function afterDelete (event){\n /* Add Your Logic Here\t\n\t//apis.utility.logger.debug();\n\t*/\n}",
        "eventName": "afterDelete",
        "_v": 0
    },
    {
        "_id": "S10mW3_qDNw",
        "_deleted": false,
        "_createdAt": "2020-08-18T04:57:28.218Z",
        "_modifiedAt": "2020-08-18T04:57:28.218Z",
        "_lv": 1,
        "deploymentVersion": 1,
        "enabled": false,
        "backendId": "BkvSL9nAI",
        "modelId": "mapping",
        "event": "function afterRead (event){\n /* Add Your Logic Here\t\n\t//apis.utility.logger.debug();\n\t*/\n}",
        "eventName": "afterRead",
        "_v": 0
    },
    {
        "_id": "HkyNW3uqDNw",
        "_deleted": false,
        "_createdAt": "2020-08-18T04:57:28.206Z",
        "_modifiedAt": "2020-08-18T04:57:28.206Z",
        "_lv": 1,
        "deploymentVersion": 1,
        "enabled": false,
        "backendId": "BkvSL9nAI",
        "modelId": "mapping",
        "event": "function afterSave (event){\n /* Add Your Logic Here\t\n\t//apis.utility.logger.debug();\n\t*/\n}",
        "eventName": "afterSave",
        "_v": 0
    },
    {
        "_id": "H1gEb2d5PVD",
        "_deleted": false,
        "_createdAt": "2020-08-18T04:57:28.214Z",
        "_modifiedAt": "2020-08-18T04:57:28.214Z",
        "_lv": 1,
        "deploymentVersion": 1,
        "enabled": false,
        "backendId": "BkvSL9nAI",
        "modelId": "mapping",
        "event": "function beforeDelete (event){\n /* Add Your Logic Here\t\n\t//apis.utility.logger.debug();\n\t*/\n}",
        "eventName": "beforeDelete",
        "_v": 0
    },
    {
        "_id": "HJZEbhuqDEv",
        "_deleted": false,
        "_createdAt": "2020-08-18T04:57:28.193Z",
        "_modifiedAt": "2020-08-18T04:57:28.193Z",
        "_lv": 1,
        "deploymentVersion": 1,
        "enabled": false,
        "backendId": "BkvSL9nAI",
        "modelId": "mapping",
        "event": "function beforeRead (event){\n /* Add Your Logic Here\t\n\t//apis.utility.logger.debug();\n\t*/\n}",
        "eventName": "beforeRead",
        "_v": 0
    },
    {
        "_id": "SJMNZnd9v4D",
        "_deleted": false,
        "_createdAt": "2020-08-18T04:57:28.217Z",
        "_modifiedAt": "2020-08-18T04:57:28.217Z",
        "_lv": 1,
        "deploymentVersion": 1,
        "enabled": false,
        "backendId": "BkvSL9nAI",
        "modelId": "mapping",
        "event": "function beforeSave (event){\n /* Add Your Logic Here\t\n\t//apis.utility.logger.debug();\n\t*/\n}",
        "eventName": "beforeSave",
        "_v": 0
    },
    {
        "_id": "Sy74W3_5v4D",
        "_deleted": true,
        "_createdAt": "2020-09-08T10:47:47.120Z",
        "_modifiedAt": "2020-09-08T10:47:47.120Z",
        "_lv": 1,
        "deploymentVersion": 10,
        "enabled": false,
        "backendId": "BkvSL9nAI",
        "modelId": "rtyrtyrty",
        "event": "function afterDelete (event){\n /* Add Your Logic Here\t\n\t//apis.utility.logger.debug();\n\t*/\n}",
        "eventName": "afterDelete",
        "_v": 0
    },
    {
        "_id": "SJVVZhu5PVw",
        "_deleted": true,
        "_createdAt": "2020-09-08T10:47:47.122Z",
        "_modifiedAt": "2020-09-08T10:47:47.122Z",
        "_lv": 1,
        "deploymentVersion": 10,
        "enabled": false,
        "backendId": "BkvSL9nAI",
        "modelId": "rtyrtyrty",
        "event": "function afterRead (event){\n /* Add Your Logic Here\t\n\t//apis.utility.logger.debug();\n\t*/\n}",
        "eventName": "afterRead",
        "_v": 0
    },
    {
        "_id": "rkBNWhO9DVw",
        "_deleted": true,
        "_createdAt": "2020-09-08T10:47:47.103Z",
        "_modifiedAt": "2020-09-08T10:47:47.103Z",
        "_lv": 1,
        "deploymentVersion": 10,
        "enabled": false,
        "backendId": "BkvSL9nAI",
        "modelId": "rtyrtyrty",
        "event": "function afterSave (event){\n /* Add Your Logic Here\t\n\t//apis.utility.logger.debug();\n\t*/\n}",
        "eventName": "afterSave",
        "_v": 0
    },
    {
        "_id": "HkUNZhd5DEP",
        "_deleted": true,
        "_createdAt": "2020-09-08T10:47:47.120Z",
        "_modifiedAt": "2020-09-08T10:47:47.120Z",
        "_lv": 1,
        "deploymentVersion": 10,
        "enabled": false,
        "backendId": "BkvSL9nAI",
        "modelId": "rtyrtyrty",
        "event": "function beforeDelete (event){\n /* Add Your Logic Here\t\n\t//apis.utility.logger.debug();\n\t*/\n}",
        "eventName": "beforeDelete",
        "_v": 0
    },
    {
        "_id": "SyvE-3dcw4w",
        "_deleted": true,
        "_createdAt": "2020-09-08T10:47:47.122Z",
        "_modifiedAt": "2020-09-08T10:47:47.122Z",
        "_lv": 1,
        "deploymentVersion": 10,
        "enabled": false,
        "backendId": "BkvSL9nAI",
        "modelId": "rtyrtyrty",
        "event": "function beforeRead (event){\n /* Add Your Logic Here\t\n\t//apis.utility.logger.debug();\n\t*/\n}",
        "eventName": "beforeRead",
        "_v": 0
    },
    {
        "_id": "S1_VZ3Oqw4P",
        "_deleted": true,
        "_createdAt": "2020-09-08T10:47:47.108Z",
        "_modifiedAt": "2020-09-08T10:47:47.108Z",
        "_lv": 1,
        "deploymentVersion": 10,
        "enabled": false,
        "backendId": "BkvSL9nAI",
        "modelId": "rtyrtyrty",
        "event": "function beforeSave (event){\n /* Add Your Logic Here\t\n\t//apis.utility.logger.debug();\n\t*/\n}",
        "eventName": "beforeSave",
        "_v": 0
    },
    {
        "_id": "ByF4bnO9v4v",
        "_deleted": false,
        "_createdAt": "2020-08-18T04:57:28.255Z",
        "_modifiedAt": "2020-08-18T04:57:28.255Z",
        "_lv": 1,
        "deploymentVersion": 1,
        "enabled": false,
        "backendId": "BkvSL9nAI",
        "modelId": "s3ObjectRoleMapping",
        "event": "function afterDelete (event){\n /* Add Your Logic Here\t\n\t//apis.utility.logger.debug();\n\t*/\n}",
        "eventName": "afterDelete",
        "_v": 0
    },
    {
        "_id": "Sy5Ebh_qD4w",
        "_deleted": false,
        "_createdAt": "2020-08-18T04:57:28.303Z",
        "_modifiedAt": "2020-08-18T04:57:28.303Z",
        "_lv": 1,
        "deploymentVersion": 1,
        "enabled": false,
        "backendId": "BkvSL9nAI",
        "modelId": "s3ObjectRoleMapping",
        "event": "function afterRead (event){\n /* Add Your Logic Here\t\n\t//apis.utility.logger.debug();\n\t*/\n}",
        "eventName": "afterRead",
        "_v": 0
    },
    {
        "_id": "Bki4-n_5wED",
        "_deleted": false,
        "_createdAt": "2020-08-18T04:57:28.296Z",
        "_modifiedAt": "2020-08-18T04:57:28.296Z",
        "_lv": 1,
        "deploymentVersion": 1,
        "enabled": false,
        "backendId": "BkvSL9nAI",
        "modelId": "s3ObjectRoleMapping",
        "event": "function afterSave (event){\n /* Add Your Logic Here\t\n\t//apis.utility.logger.debug();\n\t*/\n}",
        "eventName": "afterSave",
        "_v": 0
    },
    {
        "_id": "rJ3VZ2uqw4D",
        "_deleted": false,
        "_createdAt": "2020-08-18T04:57:28.286Z",
        "_modifiedAt": "2020-08-18T04:57:28.286Z",
        "_lv": 1,
        "deploymentVersion": 1,
        "enabled": false,
        "backendId": "BkvSL9nAI",
        "modelId": "s3ObjectRoleMapping",
        "event": "function beforeDelete (event){\n /* Add Your Logic Here\t\n\t//apis.utility.logger.debug();\n\t*/\n}",
        "eventName": "beforeDelete",
        "_v": 0
    },
    {
        "_id": "rJpEW3u9v4w",
        "_deleted": false,
        "_createdAt": "2020-08-18T04:57:28.293Z",
        "_modifiedAt": "2020-08-18T04:57:28.293Z",
        "_lv": 1,
        "deploymentVersion": 1,
        "enabled": false,
        "backendId": "BkvSL9nAI",
        "modelId": "s3ObjectRoleMapping",
        "event": "function beforeRead (event){\n /* Add Your Logic Here\t\n\t//apis.utility.logger.debug();\n\t*/\n}",
        "eventName": "beforeRead",
        "_v": 0
    },
    {
        "_id": "B1CE-3d9DEw",
        "_deleted": false,
        "_createdAt": "2020-08-18T04:57:28.302Z",
        "_modifiedAt": "2020-08-18T04:57:28.302Z",
        "_lv": 1,
        "deploymentVersion": 1,
        "enabled": false,
        "backendId": "BkvSL9nAI",
        "modelId": "s3ObjectRoleMapping",
        "event": "function beforeSave (event){\n /* Add Your Logic Here\t\n\t//apis.utility.logger.debug();\n\t*/\n}",
        "eventName": "beforeSave",
        "_v": 0
    },
    {
        "_id": "rJyHbn_9vVD",
        "_deleted": true,
        "_createdAt": "2020-09-08T10:28:23.214Z",
        "_modifiedAt": "2020-09-08T10:28:23.214Z",
        "_lv": 1,
        "deploymentVersion": 8,
        "enabled": false,
        "backendId": "BkvSL9nAI",
        "modelId": "singh",
        "event": "function afterDelete (event){\n /* Add Your Logic Here\t\n\t//apis.utility.logger.debug();\n\t*/\n}",
        "eventName": "afterDelete",
        "_v": 0
    },
    {
        "_id": "BkeBbhOqw4v",
        "_deleted": true,
        "_createdAt": "2020-09-08T10:28:23.216Z",
        "_modifiedAt": "2020-09-08T10:28:23.216Z",
        "_lv": 1,
        "deploymentVersion": 8,
        "enabled": false,
        "backendId": "BkvSL9nAI",
        "modelId": "singh",
        "event": "function afterRead (event){\n /* Add Your Logic Here\t\n\t//apis.utility.logger.debug();\n\t*/\n}",
        "eventName": "afterRead",
        "_v": 0
    },
    {
        "_id": "rJ-H-ndcv4w",
        "_deleted": true,
        "_createdAt": "2020-09-08T10:28:23.210Z",
        "_modifiedAt": "2020-09-08T10:28:23.210Z",
        "_lv": 1,
        "deploymentVersion": 8,
        "enabled": false,
        "backendId": "BkvSL9nAI",
        "modelId": "singh",
        "event": "function afterSave (event){\n /* Add Your Logic Here\t\n\t//apis.utility.logger.debug();\n\t*/\n}",
        "eventName": "afterSave",
        "_v": 0
    },
    {
        "_id": "BJzSW3uqPEw",
        "_deleted": true,
        "_createdAt": "2020-09-08T10:28:23.204Z",
        "_modifiedAt": "2020-09-08T10:28:23.204Z",
        "_lv": 1,
        "deploymentVersion": 8,
        "enabled": false,
        "backendId": "BkvSL9nAI",
        "modelId": "singh",
        "event": "function beforeDelete (event){\n /* Add Your Logic Here\t\n\t//apis.utility.logger.debug();\n\t*/\n}",
        "eventName": "beforeDelete",
        "_v": 0
    },
    {
        "_id": "SkQr-nO9wNw",
        "_deleted": true,
        "_createdAt": "2020-09-08T10:28:23.215Z",
        "_modifiedAt": "2020-09-08T10:28:23.215Z",
        "_lv": 1,
        "deploymentVersion": 8,
        "enabled": false,
        "backendId": "BkvSL9nAI",
        "modelId": "singh",
        "event": "function beforeRead (event){\n /* Add Your Logic Here\t\n\t//apis.utility.logger.debug();\n\t*/\n}",
        "eventName": "beforeRead",
        "_v": 0
    },
    {
        "_id": "rkEHb3_cv4v",
        "_deleted": true,
        "_createdAt": "2020-09-08T10:28:23.210Z",
        "_modifiedAt": "2020-09-08T10:28:23.210Z",
        "_lv": 1,
        "deploymentVersion": 8,
        "enabled": false,
        "backendId": "BkvSL9nAI",
        "modelId": "singh",
        "event": "function beforeSave (event){\n /* Add Your Logic Here\t\n\t//apis.utility.logger.debug();\n\t*/\n}",
        "eventName": "beforeSave",
        "_v": 0
    },
    {
        "_id": "BJBHWhu5P4D",
        "_deleted": false,
        "_createdAt": "2020-09-09T10:48:04.833Z",
        "_modifiedAt": "2020-09-09T10:48:04.833Z",
        "_lv": 1,
        "deploymentVersion": 17,
        "enabled": false,
        "backendId": "BkvSL9nAI",
        "modelId": "smile",
        "event": "function afterDelete (event){\n /* Add Your Logic Here\t\n\t//apis.utility.logger.debug();\n\t*/\n}",
        "eventName": "afterDelete",
        "_v": 0
    },
    {
        "_id": "HJLB-nu5wEP",
        "_deleted": false,
        "_createdAt": "2020-09-09T10:48:04.835Z",
        "_modifiedAt": "2020-09-09T10:48:04.835Z",
        "_lv": 1,
        "deploymentVersion": 17,
        "enabled": false,
        "backendId": "BkvSL9nAI",
        "modelId": "smile",
        "event": "function afterRead (event){\n /* Add Your Logic Here\t\n\t//apis.utility.logger.debug();\n\t*/\n}",
        "eventName": "afterRead",
        "_v": 0
    },
    {
        "_id": "rJPS-h_5PNv",
        "_deleted": false,
        "_createdAt": "2020-09-09T10:48:04.819Z",
        "_modifiedAt": "2020-09-09T10:48:04.819Z",
        "_lv": 1,
        "deploymentVersion": 17,
        "enabled": false,
        "backendId": "BkvSL9nAI",
        "modelId": "smile",
        "event": "function afterSave (event){\n /* Add Your Logic Here\t\n\t//apis.utility.logger.debug();\n\t*/\n}",
        "eventName": "afterSave",
        "_v": 0
    },
    {
        "_id": "By_HW3u5P4D",
        "_deleted": false,
        "_createdAt": "2020-09-09T10:48:04.830Z",
        "_modifiedAt": "2020-09-09T10:48:04.830Z",
        "_lv": 1,
        "deploymentVersion": 17,
        "enabled": false,
        "backendId": "BkvSL9nAI",
        "modelId": "smile",
        "event": "function beforeDelete (event){\n /* Add Your Logic Here\t\n\t//apis.utility.logger.debug();\n\t*/\n}",
        "eventName": "beforeDelete",
        "_v": 0
    },
    {
        "_id": "rktBZ2uqDNv",
        "_deleted": false,
        "_createdAt": "2020-09-09T10:48:04.831Z",
        "_modifiedAt": "2020-09-09T10:48:04.831Z",
        "_lv": 1,
        "deploymentVersion": 17,
        "enabled": false,
        "backendId": "BkvSL9nAI",
        "modelId": "smile",
        "event": "function beforeRead (event){\n /* Add Your Logic Here\t\n\t//apis.utility.logger.debug();\n\t*/\n}",
        "eventName": "beforeRead",
        "_v": 0
    },
    {
        "_id": "BkcSWn_9P4v",
        "_deleted": false,
        "_createdAt": "2020-09-09T10:48:04.812Z",
        "_modifiedAt": "2020-09-09T10:48:04.812Z",
        "_lv": 1,
        "deploymentVersion": 17,
        "enabled": false,
        "backendId": "BkvSL9nAI",
        "modelId": "smile",
        "event": "function beforeSave (event){\n /* Add Your Logic Here\t\n\t//apis.utility.logger.debug();\n\t*/\n}",
        "eventName": "beforeSave",
        "_v": 0
    }
]