[
    {
        "_id": "rk2SWd_cDED",
        "deploymentVersion": 1,
        "backendId": "BkvSL9nAI",
        "_deleted": false,
        "_createdAt": "2020-08-18T04:57:28.532Z",
        "_modifiedAt": "2020-08-18T04:57:28.532Z",
        "system": true,
        "foreignKey": "orgId",
        "isForeignKeyAnArray": false,
        "cascadeDelete": true,
        "type": "belongsTo",
        "_lv": 1,
        "_v": 0,
        "participated_models": [
            "Organization",
            "Workflow"
        ],
        "B": {
            "name": "myOrganization",
            "modelName": "Workflow"
        },
        "A": {
            "name": "",
            "modelName": "Organization"
        }
    },
    {
        "_id": "HkpH-ducPNP",
        "deploymentVersion": 1,
        "backendId": "BkvSL9nAI",
        "_deleted": false,
        "_createdAt": "2020-08-18T04:57:28.531Z",
        "_modifiedAt": "2020-08-18T04:57:28.531Z",
        "system": true,
        "foreignKey": "orgId",
        "isForeignKeyAnArray": false,
        "cascadeDelete": true,
        "type": "belongsTo",
        "_lv": 1,
        "_v": 0,
        "participated_models": [
            "Organization",
            "jobDetail"
        ],
        "B": {
            "name": "myOrganization",
            "modelName": "jobDetail"
        },
        "A": {
            "name": "",
            "modelName": "Organization"
        }
    },
    {
        "_id": "B10S-_ucDNw",
        "deploymentVersion": 1,
        "backendId": "BkvSL9nAI",
        "_deleted": false,
        "_createdAt": "2020-08-18T04:57:28.530Z",
        "_modifiedAt": "2020-08-18T04:57:28.530Z",
        "system": true,
        "foreignKey": "orgId",
        "isForeignKeyAnArray": false,
        "cascadeDelete": true,
        "type": "belongsTo",
        "_lv": 1,
        "_v": 0,
        "participated_models": [
            "Organization",
            "Attachment"
        ],
        "B": {
            "name": "myOrganization",
            "modelName": "Attachment"
        },
        "A": {
            "name": "",
            "modelName": "Organization"
        }
    },
    {
        "_id": "Bk1UW_dcPEw",
        "deploymentVersion": 1,
        "backendId": "BkvSL9nAI",
        "_deleted": false,
        "_createdAt": "2020-08-18T04:57:28.529Z",
        "_modifiedAt": "2020-08-18T04:57:28.529Z",
        "system": true,
        "foreignKey": "orgId",
        "isForeignKeyAnArray": false,
        "cascadeDelete": true,
        "type": "belongsTo",
        "_lv": 1,
        "_v": 0,
        "participated_models": [
            "Organization",
            "Connection"
        ],
        "B": {
            "name": "myOrganization",
            "modelName": "Connection"
        },
        "A": {
            "name": "",
            "modelName": "Organization"
        }
    },
    {
        "_id": "Syx8-Ou9DNv",
        "deploymentVersion": 1,
        "backendId": "BkvSL9nAI",
        "_deleted": false,
        "_createdAt": "2020-08-18T04:57:28.595Z",
        "_modifiedAt": "2020-08-18T04:57:28.595Z",
        "system": true,
        "foreignKey": "userId",
        "foreignKeyType": "string",
        "isForeignKeyAnArray": false,
        "cascadeDelete": false,
        "type": "1-N Relation",
        "_lv": 1,
        "_v": 0,
        "participated_models": [
            "User",
            "AccessKey"
        ],
        "B": {
            "name": "user",
            "modelName": "AccessKey"
        },
        "A": {
            "name": "accessKeys",
            "modelName": "User"
        }
    },
    {
        "_id": "rkZ8Wd_5vVD",
        "deploymentVersion": 1,
        "backendId": "BkvSL9nAI",
        "_deleted": false,
        "_createdAt": "2020-08-18T04:57:28.601Z",
        "_modifiedAt": "2020-08-18T04:57:28.601Z",
        "system": true,
        "foreignKey": "userId",
        "foreignKeyType": "string",
        "isForeignKeyAnArray": false,
        "cascadeDelete": false,
        "type": "1-1 Relation",
        "_lv": 1,
        "_v": 0,
        "participated_models": [
            "User",
            "Attachment"
        ],
        "B": {
            "name": "owner",
            "modelName": "Attachment"
        },
        "A": {
            "name": "attachment",
            "modelName": "User"
        }
    },
    {
        "_id": "S1MIWu_5P4D",
        "deploymentVersion": 2,
        "backendId": "BkvSL9nAI",
        "_deleted": false,
        "_createdAt": "2020-08-27T04:24:56.164Z",
        "_modifiedAt": "2020-08-27T04:24:56.164Z",
        "system": true,
        "foreignKey": "orgId",
        "isForeignKeyAnArray": false,
        "cascadeDelete": true,
        "type": "belongsTo",
        "_lv": 1,
        "_v": 0,
        "participated_models": [
            "Organization",
            "Offer"
        ],
        "B": {
            "name": "myOrganization",
            "modelName": "Offer"
        },
        "A": {
            "name": "",
            "modelName": "Organization"
        }
    },
    {
        "_id": "Hy7L-OOcDEw",
        "deploymentVersion": 8,
        "backendId": "BkvSL9nAI",
        "_deleted": true,
        "_createdAt": "2020-09-08T10:28:23.591Z",
        "_modifiedAt": "2020-09-08T10:28:23.591Z",
        "system": true,
        "foreignKey": "orgId",
        "isForeignKeyAnArray": false,
        "cascadeDelete": true,
        "type": "belongsTo",
        "_lv": 1,
        "_v": 0,
        "participated_models": [
            "Organization",
            "singh"
        ],
        "B": {
            "name": "myOrganization",
            "modelName": "singh"
        },
        "A": {
            "name": "",
            "modelName": "Organization"
        }
    },
    {
        "_id": "ryVUb_OqDNv",
        "deploymentVersion": 10,
        "backendId": "BkvSL9nAI",
        "_deleted": true,
        "_createdAt": "2020-09-08T10:47:47.190Z",
        "_modifiedAt": "2020-09-08T10:47:47.190Z",
        "system": true,
        "foreignKey": "orgId",
        "isForeignKeyAnArray": false,
        "cascadeDelete": true,
        "type": "belongsTo",
        "_lv": 1,
        "_v": 0,
        "participated_models": [
            "Organization",
            "rtyrtyrty"
        ],
        "B": {
            "name": "myOrganization",
            "modelName": "rtyrtyrty"
        },
        "A": {
            "name": "",
            "modelName": "Organization"
        }
    },
    {
        "_id": "Byr8Z_u5v4w",
        "deploymentVersion": 11,
        "backendId": "BkvSL9nAI",
        "_deleted": false,
        "_createdAt": "2020-09-09T04:07:54.482Z",
        "_modifiedAt": "2020-09-09T04:07:54.482Z",
        "system": true,
        "foreignKey": "orgId",
        "isForeignKeyAnArray": false,
        "cascadeDelete": true,
        "type": "belongsTo",
        "_lv": 1,
        "_v": 0,
        "participated_models": [
            "Organization",
            "LifeOfPie"
        ],
        "B": {
            "name": "myOrganization",
            "modelName": "LifeOfPie"
        },
        "A": {
            "name": "",
            "modelName": "Organization"
        }
    },
    {
        "_id": "rk8Lbd_qDNv",
        "deploymentVersion": 12,
        "backendId": "BkvSL9nAI",
        "_deleted": false,
        "_createdAt": "2020-09-09T06:33:17.068Z",
        "_modifiedAt": "2020-09-09T06:33:17.068Z",
        "system": true,
        "foreignKey": "orgId",
        "isForeignKeyAnArray": false,
        "cascadeDelete": true,
        "type": "belongsTo",
        "_lv": 1,
        "_v": 0,
        "participated_models": [
            "Organization",
            "ModelZero"
        ],
        "B": {
            "name": "myOrganization",
            "modelName": "ModelZero"
        },
        "A": {
            "name": "",
            "modelName": "Organization"
        }
    },
    {
        "_id": "rkw8W_dqwEP",
        "deploymentVersion": 13,
        "backendId": "BkvSL9nAI",
        "_deleted": false,
        "_createdAt": "2020-09-09T06:46:33.683Z",
        "_modifiedAt": "2020-09-09T06:46:33.683Z",
        "system": true,
        "foreignKey": "orgId",
        "isForeignKeyAnArray": false,
        "cascadeDelete": true,
        "type": "belongsTo",
        "_lv": 1,
        "_v": 0,
        "participated_models": [
            "Organization",
            "ModelOne"
        ],
        "B": {
            "name": "myOrganization",
            "modelName": "ModelOne"
        },
        "A": {
            "name": "",
            "modelName": "Organization"
        }
    },
    {
        "_id": "Byd8bOOqwEw",
        "deploymentVersion": 17,
        "backendId": "BkvSL9nAI",
        "_deleted": false,
        "_createdAt": "2020-09-09T10:48:51.870Z",
        "_modifiedAt": "2020-09-09T10:48:51.870Z",
        "system": false,
        "foreignKey": "zerosmile",
        "isForeignKeyAnArray": false,
        "type": "embedsOne",
        "_lv": 1,
        "_v": 0,
        "participated_models": [
            "ModelZero",
            "smile"
        ],
        "B": {
            "name": "zeroSmile",
            "modelName": "smile"
        },
        "A": {
            "name": "zeroSmile",
            "modelName": "ModelZero"
        }
    },
    {
        "_id": "B1FUbdOcw4P",
        "deploymentVersion": 18,
        "backendId": "BkvSL9nAI",
        "_deleted": false,
        "_createdAt": "2020-09-09T11:16:50.239Z",
        "_modifiedAt": "2020-09-09T11:16:50.239Z",
        "system": false,
        "foreignKey": "offerSmiles",
        "isForeignKeyAnArray": false,
        "type": "embedsMany",
        "_lv": 1,
        "_v": 0,
        "participated_models": [
            "Offer",
            "smile"
        ],
        "B": {
            "name": "smiles",
            "modelName": "smile"
        },
        "A": {
            "name": "smiles",
            "modelName": "Offer"
        }
    }
]