[
    {
        "_id": "rJc2kJH4v",
        "_deleted": true,
        "_createdAt": "2020-09-08T10:40:50.124Z",
        "_modifiedAt": "2020-09-08T10:40:50.124Z",
        "_lv": 1,
        "deploymentVersion": 9,
        "backendId": "r1A31yYMv",
        "modelId": "singh",
        "eventName": "onCreate",
        "workflowType": "PId5f4ca261cb0bec70a51bb2f2",
        "permissions": [],
        "fieldNames": [],
        "_v": 0
    },
    {
        "_id": "Byl_a7UED",
        "_deleted": false,
        "_createdAt": "2020-09-09T10:24:39.958Z",
        "_modifiedAt": "2020-09-09T10:24:39.958Z",
        "_lv": 1,
        "deploymentVersion": 16,
        "backendId": "r1A31yYMv",
        "modelId": "ModelOne",
        "eventName": "onCreate",
        "workflowType": "PId5f4ca261cb0bec70a51bb2f2",
        "permissions": [],
        "fieldNames": [],
        "_v": 0
    }
]