[
    {
        "_id": "Byq8W_dqDNw",
        "_deleted": true,
        "_createdAt": "2020-09-08T10:40:50.124Z",
        "_modifiedAt": "2020-09-08T10:40:50.124Z",
        "_lv": 1,
        "deploymentVersion": 9,
        "backendId": "BkvSL9nAI",
        "modelId": "singh",
        "eventName": "onCreate",
        "workflowType": "PId5f4ca261cb0bec70a51bb2f2",
        "permissions": [],
        "fieldNames": [],
        "_v": 0
    },
    {
        "_id": "r1j8-_u5v4v",
        "_deleted": false,
        "_createdAt": "2020-09-09T10:24:39.958Z",
        "_modifiedAt": "2020-09-09T10:24:39.958Z",
        "_lv": 1,
        "deploymentVersion": 16,
        "backendId": "BkvSL9nAI",
        "modelId": "ModelOne",
        "eventName": "onCreate",
        "workflowType": "PId5f4ca261cb0bec70a51bb2f2",
        "permissions": [],
        "fieldNames": [],
        "_v": 0
    }
]