[
    {
        "_id": "BJ4QeaJJtzw",
        "_deleted": false,
        "_createdAt": "2020-08-18T04:57:28.295Z",
        "_modifiedAt": "2020-08-18T04:57:28.295Z",
        "_lv": 0,
        "deploymentVersion": 1,
        "enabled": false,
        "backendId": "r1A31yYMv",
        "modelId": "AccessKey",
        "event": "function afterDelete (event){\n /* Add Your Logic Here\t\n\t//apis.utility.logger.debug();\n\t*/\n}",
        "eventName": "afterDelete",
        "_v": 1
    },
    {
        "_id": "ryUMea1JKMv",
        "_deleted": false,
        "_createdAt": "2020-08-18T04:57:28.254Z",
        "_modifiedAt": "2020-08-18T04:57:28.254Z",
        "_lv": 0,
        "deploymentVersion": 1,
        "enabled": false,
        "backendId": "r1A31yYMv",
        "modelId": "AccessKey",
        "event": "function afterRead (event){\n /* Add Your Logic Here\t\n\t//apis.utility.logger.debug();\n\t*/\n}",
        "eventName": "afterRead",
        "_v": 1
    },
    {
        "_id": "By6zgpy1KzP",
        "_deleted": false,
        "_createdAt": "2020-08-18T04:57:28.285Z",
        "_modifiedAt": "2020-08-18T04:57:28.285Z",
        "_lv": 0,
        "deploymentVersion": 1,
        "enabled": false,
        "backendId": "r1A31yYMv",
        "modelId": "AccessKey",
        "event": "function afterSave (event){\n /* Add Your Logic Here\t\n\t//apis.utility.logger.debug();\n\t*/\n}",
        "eventName": "afterSave",
        "_v": 1
    },
    {
        "_id": "SkuXg6JkYMw",
        "_deleted": false,
        "_createdAt": "2020-08-18T04:57:28.301Z",
        "_modifiedAt": "2020-08-18T04:57:28.301Z",
        "_lv": 0,
        "deploymentVersion": 1,
        "enabled": false,
        "backendId": "r1A31yYMv",
        "modelId": "AccessKey",
        "event": "function beforeDelete (event){\n /* Add Your Logic Here\t\n\t//apis.utility.logger.debug();\n\t*/\n}",
        "eventName": "beforeDelete",
        "_v": 1
    },
    {
        "_id": "HyjGe6JkKzv",
        "_deleted": false,
        "_createdAt": "2020-08-18T04:57:28.257Z",
        "_modifiedAt": "2020-08-18T04:57:28.257Z",
        "_lv": 0,
        "deploymentVersion": 1,
        "enabled": false,
        "backendId": "r1A31yYMv",
        "modelId": "AccessKey",
        "event": "function beforeRead (event){\n /* Add Your Logic Here\t\n\t//apis.utility.logger.debug();\n\t*/\n}",
        "eventName": "beforeRead",
        "_v": 1
    },
    {
        "_id": "SJSfxTyJtMD",
        "_deleted": false,
        "_createdAt": "2020-08-18T04:57:28.254Z",
        "_modifiedAt": "2020-08-18T04:57:28.254Z",
        "_lv": 0,
        "deploymentVersion": 1,
        "enabled": false,
        "backendId": "r1A31yYMv",
        "modelId": "AccessKey",
        "event": "function beforeSave (event){\n /* Add Your Logic Here\t\n\t//apis.utility.logger.debug();\n\t*/\n}",
        "eventName": "beforeSave",
        "_v": 1
    },
    {
        "_id": "H1jg611FMw",
        "_deleted": false,
        "_createdAt": "2020-08-18T04:57:28.200Z",
        "_modifiedAt": "2020-08-18T04:57:28.200Z",
        "_lv": 0,
        "deploymentVersion": 1,
        "enabled": false,
        "backendId": "r1A31yYMv",
        "modelId": "Attachment",
        "event": "function afterDelete (event){\n /* Add Your Logic Here\t\n\t//apis.utility.logger.debug();\n\t*/\n}",
        "eventName": "afterDelete",
        "_v": 1
    },
    {
        "_id": "H1NxeayyYGD",
        "_deleted": false,
        "_createdAt": "2020-08-18T04:57:28.207Z",
        "_modifiedAt": "2020-08-18T04:57:28.207Z",
        "_lv": 0,
        "deploymentVersion": 1,
        "enabled": false,
        "backendId": "r1A31yYMv",
        "modelId": "Attachment",
        "event": "function afterRead (event){\n /* Add Your Logic Here\t\n\t//apis.utility.logger.debug();\n\t*/\n}",
        "eventName": "afterRead",
        "_v": 1
    },
    {
        "_id": "ByEWgaJyYzw",
        "_deleted": false,
        "_createdAt": "2020-08-18T04:57:28.215Z",
        "_modifiedAt": "2020-08-18T04:57:28.215Z",
        "_lv": 0,
        "deploymentVersion": 1,
        "enabled": false,
        "backendId": "r1A31yYMv",
        "modelId": "Attachment",
        "event": "function afterSave (event){\n /* Add Your Logic Here\t\n\t//apis.utility.logger.debug();\n\t*/\n}",
        "eventName": "afterSave",
        "_v": 1
    },
    {
        "_id": "rJhgg6y1tGD",
        "_deleted": false,
        "_createdAt": "2020-08-18T04:57:28.211Z",
        "_modifiedAt": "2020-08-18T04:57:28.211Z",
        "_lv": 0,
        "deploymentVersion": 1,
        "enabled": false,
        "backendId": "r1A31yYMv",
        "modelId": "Attachment",
        "event": "function beforeDelete (event){\n /* Add Your Logic Here\t\n\t//apis.utility.logger.debug();\n\t*/\n}",
        "eventName": "beforeDelete",
        "_v": 1
    },
    {
        "_id": "H1pblak1KGw",
        "_deleted": false,
        "_createdAt": "2020-08-18T04:57:28.218Z",
        "_modifiedAt": "2020-08-18T04:57:28.218Z",
        "_lv": 0,
        "deploymentVersion": 1,
        "enabled": false,
        "backendId": "r1A31yYMv",
        "modelId": "Attachment",
        "event": "function beforeRead (event){\n /* Add Your Logic Here\t\n\t//apis.utility.logger.debug();\n\t*/\n}",
        "eventName": "beforeRead",
        "_v": 1
    },
    {
        "_id": "HJXelaJ1KMw",
        "_deleted": false,
        "_createdAt": "2020-08-18T04:57:28.207Z",
        "_modifiedAt": "2020-08-18T04:57:28.207Z",
        "_lv": 0,
        "deploymentVersion": 1,
        "enabled": false,
        "backendId": "r1A31yYMv",
        "modelId": "Attachment",
        "event": "function beforeSave (event){\n /* Add Your Logic Here\t\n\t//apis.utility.logger.debug();\n\t*/\n}",
        "eventName": "beforeSave",
        "_v": 1
    },
    {
        "_id": "B1Wxxp1Jtzw",
        "_deleted": false,
        "_createdAt": "2020-08-18T04:57:28.206Z",
        "_modifiedAt": "2020-08-18T04:57:28.206Z",
        "_lv": 0,
        "deploymentVersion": 1,
        "enabled": false,
        "backendId": "r1A31yYMv",
        "modelId": "Connection",
        "event": "function afterDelete (event){\n /* Add Your Logic Here\t\n\t//apis.utility.logger.debug();\n\t*/\n}",
        "eventName": "afterDelete",
        "_v": 1
    },
    {
        "_id": "Sy9xg611Ffv",
        "_deleted": false,
        "_createdAt": "2020-08-18T04:57:28.210Z",
        "_modifiedAt": "2020-08-18T04:57:28.210Z",
        "_lv": 0,
        "deploymentVersion": 1,
        "enabled": false,
        "backendId": "r1A31yYMv",
        "modelId": "Connection",
        "event": "function afterRead (event){\n /* Add Your Logic Here\t\n\t//apis.utility.logger.debug();\n\t*/\n}",
        "eventName": "afterRead",
        "_v": 1
    },
    {
        "_id": "Hkqbe6kJYMw",
        "_deleted": false,
        "_createdAt": "2020-08-18T04:57:28.217Z",
        "_modifiedAt": "2020-08-18T04:57:28.217Z",
        "_lv": 0,
        "deploymentVersion": 1,
        "enabled": false,
        "backendId": "r1A31yYMv",
        "modelId": "Connection",
        "event": "function afterSave (event){\n /* Add Your Logic Here\t\n\t//apis.utility.logger.debug();\n\t*/\n}",
        "eventName": "afterSave",
        "_v": 1
    },
    {
        "_id": "SkMWlTJJtfv",
        "_deleted": false,
        "_createdAt": "2020-08-18T04:57:28.214Z",
        "_modifiedAt": "2020-08-18T04:57:28.214Z",
        "_lv": 0,
        "deploymentVersion": 1,
        "enabled": false,
        "backendId": "r1A31yYMv",
        "modelId": "Connection",
        "event": "function beforeDelete (event){\n /* Add Your Logic Here\t\n\t//apis.utility.logger.debug();\n\t*/\n}",
        "eventName": "beforeDelete",
        "_v": 1
    },
    {
        "_id": "HkQGxT1kYfv",
        "_deleted": false,
        "_createdAt": "2020-08-18T04:57:28.222Z",
        "_modifiedAt": "2020-08-18T04:57:28.222Z",
        "_lv": 0,
        "deploymentVersion": 1,
        "enabled": false,
        "backendId": "r1A31yYMv",
        "modelId": "Connection",
        "event": "function beforeRead (event){\n /* Add Your Logic Here\t\n\t//apis.utility.logger.debug();\n\t*/\n}",
        "eventName": "beforeRead",
        "_v": 1
    },
    {
        "_id": "SkYxlpy1KMv",
        "_deleted": false,
        "_createdAt": "2020-08-18T04:57:28.209Z",
        "_modifiedAt": "2020-08-18T04:57:28.209Z",
        "_lv": 0,
        "deploymentVersion": 1,
        "enabled": false,
        "backendId": "r1A31yYMv",
        "modelId": "Connection",
        "event": "function beforeSave (event){\n /* Add Your Logic Here\t\n\t//apis.utility.logger.debug();\n\t*/\n}",
        "eventName": "beforeSave",
        "_v": 1
    },
    {
        "_id": "SJ4loHhEXP",
        "_deleted": false,
        "_createdAt": "2020-08-27T04:24:56.108Z",
        "_modifiedAt": "2020-08-27T04:24:56.108Z",
        "_lv": 0,
        "deploymentVersion": 2,
        "enabled": false,
        "backendId": "r1A31yYMv",
        "modelId": "Offer",
        "event": "function afterDelete (event){\n /* Add Your Logic Here\t\n\t//apis.utility.logger.debug();\n\t*/\n}",
        "eventName": "afterDelete",
        "_v": 1
    },
    {
        "_id": "SySxiShVXD",
        "_deleted": false,
        "_createdAt": "2020-08-27T04:24:56.110Z",
        "_modifiedAt": "2020-08-27T04:24:56.110Z",
        "_lv": 0,
        "deploymentVersion": 2,
        "enabled": false,
        "backendId": "r1A31yYMv",
        "modelId": "Offer",
        "event": "function afterRead (event){\n /* Add Your Logic Here\t\n\t//apis.utility.logger.debug();\n\t*/\n}",
        "eventName": "afterRead",
        "_v": 1
    },
    {
        "_id": "SkMesH24Xv",
        "_deleted": false,
        "_createdAt": "2020-08-27T04:24:56.100Z",
        "_modifiedAt": "2020-08-27T04:24:56.100Z",
        "_lv": 0,
        "deploymentVersion": 2,
        "enabled": false,
        "backendId": "r1A31yYMv",
        "modelId": "Offer",
        "event": "function afterSave (event){\n /* Add Your Logic Here\t\n\t//apis.utility.logger.debug();\n\t*/\n}",
        "eventName": "afterSave",
        "_v": 1
    },
    {
        "_id": "ByblsSn4XP",
        "_deleted": false,
        "_createdAt": "2020-08-27T04:24:56.093Z",
        "_modifiedAt": "2020-08-27T04:24:56.093Z",
        "_lv": 0,
        "deploymentVersion": 2,
        "enabled": false,
        "backendId": "r1A31yYMv",
        "modelId": "Offer",
        "event": "function beforeDelete (event){\n /* Add Your Logic Here\t\n\t//apis.utility.logger.debug();\n\t*/\n}",
        "eventName": "beforeDelete",
        "_v": 1
    },
    {
        "_id": "HyLgjr2NmD",
        "_deleted": false,
        "_createdAt": "2020-08-27T04:24:56.114Z",
        "_modifiedAt": "2020-08-27T04:24:56.114Z",
        "_lv": 0,
        "deploymentVersion": 2,
        "enabled": false,
        "backendId": "r1A31yYMv",
        "modelId": "Offer",
        "event": "function beforeRead (event){\n /* Add Your Logic Here\t\n\t//apis.utility.logger.debug();\n\t*/\n}",
        "eventName": "beforeRead",
        "_v": 1
    },
    {
        "_id": "rkmgoHhVQD",
        "_deleted": false,
        "_createdAt": "2020-08-27T04:24:56.103Z",
        "_modifiedAt": "2020-08-27T04:24:56.103Z",
        "_lv": 0,
        "deploymentVersion": 2,
        "enabled": false,
        "backendId": "r1A31yYMv",
        "modelId": "Offer",
        "event": "function beforeSave (event){\n /* Add Your Logic Here\t\n\t//apis.utility.logger.debug();\n\t*/\n}",
        "eventName": "beforeSave",
        "_v": 1
    },
    {
        "_id": "SkZZxp1kYfP",
        "_deleted": false,
        "_createdAt": "2020-08-18T04:57:28.213Z",
        "_modifiedAt": "2020-08-18T04:57:28.213Z",
        "_lv": 0,
        "deploymentVersion": 1,
        "enabled": false,
        "backendId": "r1A31yYMv",
        "modelId": "Organization",
        "event": "function afterDelete (event){\n /* Add Your Logic Here\t\n\t//apis.utility.logger.debug();\n\t*/\n}",
        "eventName": "afterDelete",
        "_v": 1
    },
    {
        "_id": "rkGGgpJkFzD",
        "_deleted": false,
        "_createdAt": "2020-08-18T04:57:28.221Z",
        "_modifiedAt": "2020-08-18T04:57:28.221Z",
        "_lv": 0,
        "deploymentVersion": 1,
        "enabled": false,
        "backendId": "r1A31yYMv",
        "modelId": "Organization",
        "event": "function afterRead (event){\n /* Add Your Logic Here\t\n\t//apis.utility.logger.debug();\n\t*/\n}",
        "eventName": "afterRead",
        "_v": 1
    },
    {
        "_id": "HyOxlpyyFfD",
        "_deleted": false,
        "_createdAt": "2020-08-18T04:57:28.209Z",
        "_modifiedAt": "2020-08-18T04:57:28.209Z",
        "_lv": 0,
        "deploymentVersion": 1,
        "enabled": false,
        "backendId": "r1A31yYMv",
        "modelId": "Organization",
        "event": "function afterSave (event){\n /* Add Your Logic Here\t\n\t//apis.utility.logger.debug();\n\t*/\n}",
        "eventName": "afterSave",
        "_v": 1
    },
    {
        "_id": "ByFbg6kJKfw",
        "_deleted": false,
        "_createdAt": "2020-08-18T04:57:28.217Z",
        "_modifiedAt": "2020-08-18T04:57:28.217Z",
        "_lv": 0,
        "deploymentVersion": 1,
        "enabled": false,
        "backendId": "r1A31yYMv",
        "modelId": "Organization",
        "event": "function beforeDelete (event){\n /* Add Your Logic Here\t\n\t//apis.utility.logger.debug();\n\t*/\n}",
        "eventName": "beforeDelete",
        "_v": 1
    },
    {
        "_id": "SJxxgaJyYGw",
        "_deleted": false,
        "_createdAt": "2020-08-18T04:57:28.206Z",
        "_modifiedAt": "2020-08-18T04:57:28.206Z",
        "_lv": 0,
        "deploymentVersion": 1,
        "enabled": false,
        "backendId": "r1A31yYMv",
        "modelId": "Organization",
        "event": "function beforeRead (event){\n /* Add Your Logic Here\t\n\t//apis.utility.logger.debug();\n\t*/\n}",
        "eventName": "beforeRead",
        "_v": 1
    },
    {
        "_id": "Sy-MgpykKfw",
        "_deleted": false,
        "_createdAt": "2020-08-18T04:57:28.221Z",
        "_modifiedAt": "2020-08-18T04:57:28.221Z",
        "_lv": 0,
        "deploymentVersion": 1,
        "enabled": false,
        "backendId": "r1A31yYMv",
        "modelId": "Organization",
        "event": "function beforeSave (event){\n /* Add Your Logic Here\t\n\t//apis.utility.logger.debug();\n\t*/\n}",
        "eventName": "beforeSave",
        "_v": 1
    },
    {
        "_id": "r1AMlTJ1FMP",
        "_deleted": false,
        "_createdAt": "2020-08-18T04:57:28.285Z",
        "_modifiedAt": "2020-08-18T04:57:28.285Z",
        "_lv": 0,
        "deploymentVersion": 1,
        "enabled": false,
        "backendId": "r1A31yYMv",
        "modelId": "OrganizationDomain",
        "event": "function afterDelete (event){\n /* Add Your Logic Here\t\n\t//apis.utility.logger.debug();\n\t*/\n}",
        "eventName": "afterDelete",
        "_v": 1
    },
    {
        "_id": "Hy-Qlay1Ffv",
        "_deleted": false,
        "_createdAt": "2020-08-18T04:57:28.293Z",
        "_modifiedAt": "2020-08-18T04:57:28.293Z",
        "_lv": 0,
        "deploymentVersion": 1,
        "enabled": false,
        "backendId": "r1A31yYMv",
        "modelId": "OrganizationDomain",
        "event": "function afterRead (event){\n /* Add Your Logic Here\t\n\t//apis.utility.logger.debug();\n\t*/\n}",
        "eventName": "afterRead",
        "_v": 1
    },
    {
        "_id": "ryYXg6kJYGP",
        "_deleted": false,
        "_createdAt": "2020-08-18T04:57:28.302Z",
        "_modifiedAt": "2020-08-18T04:57:28.302Z",
        "_lv": 0,
        "deploymentVersion": 1,
        "enabled": false,
        "backendId": "r1A31yYMv",
        "modelId": "OrganizationDomain",
        "event": "function afterSave (event){\n /* Add Your Logic Here\t\n\t//apis.utility.logger.debug();\n\t*/\n}",
        "eventName": "afterSave",
        "_v": 1
    },
    {
        "_id": "rkBmga11FGD",
        "_deleted": false,
        "_createdAt": "2020-08-18T04:57:28.295Z",
        "_modifiedAt": "2020-08-18T04:57:28.295Z",
        "_lv": 0,
        "deploymentVersion": 1,
        "enabled": false,
        "backendId": "r1A31yYMv",
        "modelId": "OrganizationDomain",
        "event": "function beforeDelete (event){\n /* Add Your Logic Here\t\n\t//apis.utility.logger.debug();\n\t*/\n}",
        "eventName": "beforeDelete",
        "_v": 1
    },
    {
        "_id": "r1wMlpy1tzD",
        "_deleted": false,
        "_createdAt": "2020-08-18T04:57:28.255Z",
        "_modifiedAt": "2020-08-18T04:57:28.255Z",
        "_lv": 0,
        "deploymentVersion": 1,
        "enabled": false,
        "backendId": "r1A31yYMv",
        "modelId": "OrganizationDomain",
        "event": "function beforeRead (event){\n /* Add Your Logic Here\t\n\t//apis.utility.logger.debug();\n\t*/\n}",
        "eventName": "beforeRead",
        "_v": 1
    },
    {
        "_id": "HJxmla1yFMD",
        "_deleted": false,
        "_createdAt": "2020-08-18T04:57:28.292Z",
        "_modifiedAt": "2020-08-18T04:57:28.292Z",
        "_lv": 0,
        "deploymentVersion": 1,
        "enabled": false,
        "backendId": "r1A31yYMv",
        "modelId": "OrganizationDomain",
        "event": "function beforeSave (event){\n /* Add Your Logic Here\t\n\t//apis.utility.logger.debug();\n\t*/\n}",
        "eventName": "beforeSave",
        "_v": 1
    },
    {
        "_id": "Bywmx6kJFfv",
        "_deleted": false,
        "_createdAt": "2020-08-18T04:57:28.301Z",
        "_modifiedAt": "2020-08-18T04:57:28.301Z",
        "_lv": 0,
        "deploymentVersion": 1,
        "enabled": false,
        "backendId": "r1A31yYMv",
        "modelId": "Rule",
        "event": "function afterDelete (event){\n /* Add Your Logic Here\t\n\t//apis.utility.logger.debug();\n\t*/\n}",
        "eventName": "afterDelete",
        "_v": 1
    },
    {
        "_id": "BJcGxa11Ffv",
        "_deleted": false,
        "_createdAt": "2020-08-18T04:57:28.256Z",
        "_modifiedAt": "2020-08-18T04:57:28.256Z",
        "_lv": 0,
        "deploymentVersion": 1,
        "enabled": false,
        "backendId": "r1A31yYMv",
        "modelId": "Rule",
        "event": "function afterRead (event){\n /* Add Your Logic Here\t\n\t//apis.utility.logger.debug();\n\t*/\n}",
        "eventName": "afterRead",
        "_v": 1
    },
    {
        "_id": "HJEzl6kyKGv",
        "_deleted": false,
        "_createdAt": "2020-08-18T04:57:28.253Z",
        "_modifiedAt": "2020-08-18T04:57:28.253Z",
        "_lv": 0,
        "deploymentVersion": 1,
        "enabled": false,
        "backendId": "r1A31yYMv",
        "modelId": "Rule",
        "event": "function afterSave (event){\n /* Add Your Logic Here\t\n\t//apis.utility.logger.debug();\n\t*/\n}",
        "eventName": "afterSave",
        "_v": 1
    },
    {
        "_id": "HJhGx6JytGP",
        "_deleted": false,
        "_createdAt": "2020-08-18T04:57:28.284Z",
        "_modifiedAt": "2020-08-18T04:57:28.284Z",
        "_lv": 0,
        "deploymentVersion": 1,
        "enabled": false,
        "backendId": "r1A31yYMv",
        "modelId": "Rule",
        "event": "function beforeDelete (event){\n /* Add Your Logic Here\t\n\t//apis.utility.logger.debug();\n\t*/\n}",
        "eventName": "beforeDelete",
        "_v": 1
    },
    {
        "_id": "Skm7xpJ1FfP",
        "_deleted": false,
        "_createdAt": "2020-08-18T04:57:28.294Z",
        "_modifiedAt": "2020-08-18T04:57:28.294Z",
        "_lv": 0,
        "deploymentVersion": 1,
        "enabled": false,
        "backendId": "r1A31yYMv",
        "modelId": "Rule",
        "event": "function beforeRead (event){\n /* Add Your Logic Here\t\n\t//apis.utility.logger.debug();\n\t*/\n}",
        "eventName": "beforeRead",
        "_v": 1
    },
    {
        "_id": "rkFMepkyFGw",
        "_deleted": false,
        "_createdAt": "2020-08-18T04:57:28.256Z",
        "_modifiedAt": "2020-08-18T04:57:28.256Z",
        "_lv": 0,
        "deploymentVersion": 1,
        "enabled": false,
        "backendId": "r1A31yYMv",
        "modelId": "Rule",
        "event": "function beforeSave (event){\n /* Add Your Logic Here\t\n\t//apis.utility.logger.debug();\n\t*/\n}",
        "eventName": "beforeSave",
        "_v": 1
    },
    {
        "_id": "BJUglTJktzD",
        "_deleted": false,
        "_createdAt": "2020-08-18T04:57:28.208Z",
        "_modifiedAt": "2020-08-18T04:57:28.208Z",
        "_lv": 0,
        "deploymentVersion": 1,
        "enabled": false,
        "backendId": "r1A31yYMv",
        "modelId": "User",
        "event": "function afterDelete (event){\n /* Add Your Logic Here\t\n\t//apis.utility.logger.debug();\n\t*/\n}",
        "eventName": "afterDelete",
        "_v": 1
    },
    {
        "_id": "rk1Wx611KGv",
        "_deleted": false,
        "_createdAt": "2020-08-18T04:57:28.213Z",
        "_modifiedAt": "2020-08-18T04:57:28.213Z",
        "_lv": 0,
        "deploymentVersion": 1,
        "enabled": false,
        "backendId": "r1A31yYMv",
        "modelId": "User",
        "event": "function afterRead (event){\n /* Add Your Logic Here\t\n\t//apis.utility.logger.debug();\n\t*/\n}",
        "eventName": "afterRead",
        "_v": 1
    },
    {
        "_id": "Hypl6J1tGv",
        "_deleted": false,
        "_createdAt": "2020-08-18T04:57:28.204Z",
        "_modifiedAt": "2020-08-18T04:57:28.204Z",
        "_lv": 0,
        "deploymentVersion": 1,
        "enabled": false,
        "backendId": "r1A31yYMv",
        "modelId": "User",
        "event": "function afterSave (event){\n /* Add Your Logic Here\t\n\t//apis.utility.logger.debug();\n\t*/\n}",
        "eventName": "afterSave",
        "_v": 1
    },
    {
        "_id": "B11MlpyyFzD",
        "_deleted": false,
        "_createdAt": "2020-08-18T04:57:28.220Z",
        "_modifiedAt": "2020-08-18T04:57:28.220Z",
        "_lv": 0,
        "deploymentVersion": 1,
        "enabled": false,
        "backendId": "r1A31yYMv",
        "modelId": "User",
        "event": "function beforeDelete (event){\n /* Add Your Logic Here\t\n\t//apis.utility.logger.debug();\n\t*/\n}",
        "eventName": "beforeDelete",
        "_v": 1
    },
    {
        "_id": "rJwWlp1yYfw",
        "_deleted": false,
        "_createdAt": "2020-08-18T04:57:28.216Z",
        "_modifiedAt": "2020-08-18T04:57:28.216Z",
        "_lv": 0,
        "deploymentVersion": 1,
        "enabled": false,
        "backendId": "r1A31yYMv",
        "modelId": "User",
        "event": "function beforeRead (event){\n /* Add Your Logic Here\t\n\t//apis.utility.logger.debug();\n\t*/\n}",
        "eventName": "beforeRead",
        "_v": 1
    },
    {
        "_id": "ByRge6yytfP",
        "_deleted": false,
        "_createdAt": "2020-08-18T04:57:28.212Z",
        "_modifiedAt": "2020-08-18T04:57:28.212Z",
        "_lv": 0,
        "deploymentVersion": 1,
        "enabled": false,
        "backendId": "r1A31yYMv",
        "modelId": "User",
        "event": "function beforeSave (event){\n /* Add Your Logic Here\t\n\t//apis.utility.logger.debug();\n\t*/\n}",
        "eventName": "beforeSave",
        "_v": 1
    },
    {
        "_id": "HyRbx6JkFfw",
        "_deleted": false,
        "_createdAt": "2020-08-18T04:57:28.219Z",
        "_modifiedAt": "2020-08-18T04:57:28.219Z",
        "_lv": 0,
        "deploymentVersion": 1,
        "enabled": false,
        "backendId": "r1A31yYMv",
        "modelId": "Workflow",
        "event": "function afterDelete (event){\n /* Add Your Logic Here\t\n\t//apis.utility.logger.debug();\n\t*/\n}",
        "eventName": "afterDelete",
        "_v": 1
    },
    {
        "_id": "BJUbgaJkYGD",
        "_deleted": false,
        "_createdAt": "2020-08-18T04:57:28.215Z",
        "_modifiedAt": "2020-08-18T04:57:28.215Z",
        "_lv": 0,
        "deploymentVersion": 1,
        "enabled": false,
        "backendId": "r1A31yYMv",
        "modelId": "Workflow",
        "event": "function afterRead (event){\n /* Add Your Logic Here\t\n\t//apis.utility.logger.debug();\n\t*/\n}",
        "eventName": "afterRead",
        "_v": 1
    },
    {
        "_id": "BypxgayJFzP",
        "_deleted": false,
        "_createdAt": "2020-08-18T04:57:28.212Z",
        "_modifiedAt": "2020-08-18T04:57:28.212Z",
        "_lv": 0,
        "deploymentVersion": 1,
        "enabled": false,
        "backendId": "r1A31yYMv",
        "modelId": "Workflow",
        "event": "function afterSave (event){\n /* Add Your Logic Here\t\n\t//apis.utility.logger.debug();\n\t*/\n}",
        "eventName": "afterSave",
        "_v": 1
    },
    {
        "_id": "Bk3gpyytMv",
        "_deleted": false,
        "_createdAt": "2020-08-18T04:57:28.203Z",
        "_modifiedAt": "2020-08-18T04:57:28.203Z",
        "_lv": 0,
        "deploymentVersion": 1,
        "enabled": false,
        "backendId": "r1A31yYMv",
        "modelId": "Workflow",
        "event": "function beforeDelete (event){\n /* Add Your Logic Here\t\n\t//apis.utility.logger.debug();\n\t*/\n}",
        "eventName": "beforeDelete",
        "_v": 1
    },
    {
        "_id": "S1Sgea1yYMv",
        "_deleted": false,
        "_createdAt": "2020-08-18T04:57:28.208Z",
        "_modifiedAt": "2020-08-18T04:57:28.208Z",
        "_lv": 0,
        "deploymentVersion": 1,
        "enabled": false,
        "backendId": "r1A31yYMv",
        "modelId": "Workflow",
        "event": "function beforeRead (event){\n /* Add Your Logic Here\t\n\t//apis.utility.logger.debug();\n\t*/\n}",
        "eventName": "beforeRead",
        "_v": 1
    },
    {
        "_id": "HyH-e6JyKfv",
        "_deleted": false,
        "_createdAt": "2020-08-18T04:57:28.215Z",
        "_modifiedAt": "2020-08-18T04:57:28.215Z",
        "_lv": 0,
        "deploymentVersion": 1,
        "enabled": false,
        "backendId": "r1A31yYMv",
        "modelId": "Workflow",
        "event": "function beforeSave (event){\n /* Add Your Logic Here\t\n\t//apis.utility.logger.debug();\n\t*/\n}",
        "eventName": "beforeSave",
        "_v": 1
    },
    {
        "_id": "SkuWx6kyYMD",
        "_deleted": false,
        "_createdAt": "2020-08-18T04:57:28.216Z",
        "_modifiedAt": "2020-08-18T04:57:28.216Z",
        "_lv": 0,
        "deploymentVersion": 1,
        "enabled": false,
        "backendId": "r1A31yYMv",
        "modelId": "jobDetail",
        "event": "function afterDelete (event){\n /* Add Your Logic Here\t\n\t//apis.utility.logger.debug();\n\t*/\n}",
        "eventName": "afterDelete",
        "_v": 1
    },
    {
        "_id": "rJ1glTJ1Kfv",
        "_deleted": false,
        "_createdAt": "2020-08-18T04:57:28.205Z",
        "_modifiedAt": "2020-08-18T04:57:28.205Z",
        "_lv": 0,
        "deploymentVersion": 1,
        "enabled": false,
        "backendId": "r1A31yYMv",
        "modelId": "jobDetail",
        "event": "function afterRead (event){\n /* Add Your Logic Here\t\n\t//apis.utility.logger.debug();\n\t*/\n}",
        "eventName": "afterRead",
        "_v": 1
    },
    {
        "_id": "SkeMgpJJKMP",
        "_deleted": false,
        "_createdAt": "2020-08-18T04:57:28.220Z",
        "_modifiedAt": "2020-08-18T04:57:28.220Z",
        "_lv": 0,
        "deploymentVersion": 1,
        "enabled": false,
        "backendId": "r1A31yYMv",
        "modelId": "jobDetail",
        "event": "function afterSave (event){\n /* Add Your Logic Here\t\n\t//apis.utility.logger.debug();\n\t*/\n}",
        "eventName": "afterSave",
        "_v": 1
    },
    {
        "_id": "BkPxgp1kKGD",
        "_deleted": false,
        "_createdAt": "2020-08-18T04:57:28.209Z",
        "_modifiedAt": "2020-08-18T04:57:28.209Z",
        "_lv": 0,
        "deploymentVersion": 1,
        "enabled": false,
        "backendId": "r1A31yYMv",
        "modelId": "jobDetail",
        "event": "function beforeDelete (event){\n /* Add Your Logic Here\t\n\t//apis.utility.logger.debug();\n\t*/\n}",
        "eventName": "beforeDelete",
        "_v": 1
    },
    {
        "_id": "Hye-xa1ktfP",
        "_deleted": false,
        "_createdAt": "2020-08-18T04:57:28.213Z",
        "_modifiedAt": "2020-08-18T04:57:28.213Z",
        "_lv": 0,
        "deploymentVersion": 1,
        "enabled": false,
        "backendId": "r1A31yYMv",
        "modelId": "jobDetail",
        "event": "function beforeRead (event){\n /* Add Your Logic Here\t\n\t//apis.utility.logger.debug();\n\t*/\n}",
        "eventName": "beforeRead",
        "_v": 1
    },
    {
        "_id": "HkAlak1YfD",
        "_deleted": false,
        "_createdAt": "2020-08-18T04:57:28.205Z",
        "_modifiedAt": "2020-08-18T04:57:28.205Z",
        "_lv": 0,
        "deploymentVersion": 1,
        "enabled": false,
        "backendId": "r1A31yYMv",
        "modelId": "jobDetail",
        "event": "function beforeSave (event){\n /* Add Your Logic Here\t\n\t//apis.utility.logger.debug();\n\t*/\n}",
        "eventName": "beforeSave",
        "_v": 1
    },
    {
        "_id": "Hkogg61yYMv",
        "_deleted": false,
        "_createdAt": "2020-08-18T04:57:28.210Z",
        "_modifiedAt": "2020-08-18T04:57:28.210Z",
        "_lv": 0,
        "deploymentVersion": 1,
        "enabled": false,
        "backendId": "r1A31yYMv",
        "modelId": "mapping",
        "event": "function afterDelete (event){\n /* Add Your Logic Here\t\n\t//apis.utility.logger.debug();\n\t*/\n}",
        "eventName": "afterDelete",
        "_v": 1
    },
    {
        "_id": "S13Zx6JJYzD",
        "_deleted": false,
        "_createdAt": "2020-08-18T04:57:28.218Z",
        "_modifiedAt": "2020-08-18T04:57:28.218Z",
        "_lv": 0,
        "deploymentVersion": 1,
        "enabled": false,
        "backendId": "r1A31yYMv",
        "modelId": "mapping",
        "event": "function afterRead (event){\n /* Add Your Logic Here\t\n\t//apis.utility.logger.debug();\n\t*/\n}",
        "eventName": "afterRead",
        "_v": 1
    },
    {
        "_id": "SkGlxTJ1FGv",
        "_deleted": false,
        "_createdAt": "2020-08-18T04:57:28.206Z",
        "_modifiedAt": "2020-08-18T04:57:28.206Z",
        "_lv": 0,
        "deploymentVersion": 1,
        "enabled": false,
        "backendId": "r1A31yYMv",
        "modelId": "mapping",
        "event": "function afterSave (event){\n /* Add Your Logic Here\t\n\t//apis.utility.logger.debug();\n\t*/\n}",
        "eventName": "afterSave",
        "_v": 1
    },
    {
        "_id": "rJQZepkJFfD",
        "_deleted": false,
        "_createdAt": "2020-08-18T04:57:28.214Z",
        "_modifiedAt": "2020-08-18T04:57:28.214Z",
        "_lv": 0,
        "deploymentVersion": 1,
        "enabled": false,
        "backendId": "r1A31yYMv",
        "modelId": "mapping",
        "event": "function beforeDelete (event){\n /* Add Your Logic Here\t\n\t//apis.utility.logger.debug();\n\t*/\n}",
        "eventName": "beforeDelete",
        "_v": 1
    },
    {
        "_id": "HkcxpkyKGP",
        "_deleted": false,
        "_createdAt": "2020-08-18T04:57:28.193Z",
        "_modifiedAt": "2020-08-18T04:57:28.193Z",
        "_lv": 0,
        "deploymentVersion": 1,
        "enabled": false,
        "backendId": "r1A31yYMv",
        "modelId": "mapping",
        "event": "function beforeRead (event){\n /* Add Your Logic Here\t\n\t//apis.utility.logger.debug();\n\t*/\n}",
        "eventName": "beforeRead",
        "_v": 1
    },
    {
        "_id": "S1sbg6yJKzP",
        "_deleted": false,
        "_createdAt": "2020-08-18T04:57:28.217Z",
        "_modifiedAt": "2020-08-18T04:57:28.217Z",
        "_lv": 0,
        "deploymentVersion": 1,
        "enabled": false,
        "backendId": "r1A31yYMv",
        "modelId": "mapping",
        "event": "function beforeSave (event){\n /* Add Your Logic Here\t\n\t//apis.utility.logger.debug();\n\t*/\n}",
        "eventName": "beforeSave",
        "_v": 1
    },
    {
        "_id": "Hkdfg6yJFGv",
        "_deleted": false,
        "_createdAt": "2020-08-18T04:57:28.255Z",
        "_modifiedAt": "2020-08-18T04:57:28.255Z",
        "_lv": 0,
        "deploymentVersion": 1,
        "enabled": false,
        "backendId": "r1A31yYMv",
        "modelId": "s3ObjectRoleMapping",
        "event": "function afterDelete (event){\n /* Add Your Logic Here\t\n\t//apis.utility.logger.debug();\n\t*/\n}",
        "eventName": "afterDelete",
        "_v": 1
    },
    {
        "_id": "rksXe6JJtfP",
        "_deleted": false,
        "_createdAt": "2020-08-18T04:57:28.303Z",
        "_modifiedAt": "2020-08-18T04:57:28.303Z",
        "_lv": 0,
        "deploymentVersion": 1,
        "enabled": false,
        "backendId": "r1A31yYMv",
        "modelId": "s3ObjectRoleMapping",
        "event": "function afterRead (event){\n /* Add Your Logic Here\t\n\t//apis.utility.logger.debug();\n\t*/\n}",
        "eventName": "afterRead",
        "_v": 1
    },
    {
        "_id": "rkI7gTyyYzw",
        "_deleted": false,
        "_createdAt": "2020-08-18T04:57:28.296Z",
        "_modifiedAt": "2020-08-18T04:57:28.296Z",
        "_lv": 0,
        "deploymentVersion": 1,
        "enabled": false,
        "backendId": "r1A31yYMv",
        "modelId": "s3ObjectRoleMapping",
        "event": "function afterSave (event){\n /* Add Your Logic Here\t\n\t//apis.utility.logger.debug();\n\t*/\n}",
        "eventName": "afterSave",
        "_v": 1
    },
    {
        "_id": "SJkQgTkkKGD",
        "_deleted": false,
        "_createdAt": "2020-08-18T04:57:28.286Z",
        "_modifiedAt": "2020-08-18T04:57:28.286Z",
        "_lv": 0,
        "deploymentVersion": 1,
        "enabled": false,
        "backendId": "r1A31yYMv",
        "modelId": "s3ObjectRoleMapping",
        "event": "function beforeDelete (event){\n /* Add Your Logic Here\t\n\t//apis.utility.logger.debug();\n\t*/\n}",
        "eventName": "beforeDelete",
        "_v": 1
    },
    {
        "_id": "ByfmgayyYGP",
        "_deleted": false,
        "_createdAt": "2020-08-18T04:57:28.293Z",
        "_modifiedAt": "2020-08-18T04:57:28.293Z",
        "_lv": 0,
        "deploymentVersion": 1,
        "enabled": false,
        "backendId": "r1A31yYMv",
        "modelId": "s3ObjectRoleMapping",
        "event": "function beforeRead (event){\n /* Add Your Logic Here\t\n\t//apis.utility.logger.debug();\n\t*/\n}",
        "eventName": "beforeRead",
        "_v": 1
    },
    {
        "_id": "HJqme61JKfw",
        "_deleted": false,
        "_createdAt": "2020-08-18T04:57:28.302Z",
        "_modifiedAt": "2020-08-18T04:57:28.302Z",
        "_lv": 0,
        "deploymentVersion": 1,
        "enabled": false,
        "backendId": "r1A31yYMv",
        "modelId": "s3ObjectRoleMapping",
        "event": "function beforeSave (event){\n /* Add Your Logic Here\t\n\t//apis.utility.logger.debug();\n\t*/\n}",
        "eventName": "beforeSave",
        "_v": 1
    }
]