{
    "resources": [
        "working",
        "relations",
        "events"
    ],
    "oldBackendRecord": {
        "_id": "r1A31yYMv",
        "name": "benz",
        "description": "",
        "uniquename": "benz",
        "appId": "p10",
        "cors": {
            "maxAge": 86400,
            "credentials": true,
            "origin": true
        },
        "routes": [
            {
                "value": "/index.html",
                "key": "*"
            }
        ],
        "status": 235,
        "_createdBy": "adarshkumar@bitpod.io",
        "_createdAt": "2020-08-18T04:57:25.609Z",
        "_updatedBy": "adarshkumar@bitpod.io",
        "schemaversion": "2.0",
        "maintenance": {
            "ETA": 0,
            "reason": 0,
            "active": false
        },
        "database": {
            "name": "p10_benz_wh5zx",
            "password": "untam",
            "username": "0zi1x"
        },
        "instance": {
            "deploymentJson": {
                "endPoints": {
                    "mongodb": {
                        "subsets": [
                            {
                                "ports": [
                                    {
                                        "protocol": "TCP",
                                        "port": 27017
                                    }
                                ],
                                "addresses": [
                                    {
                                        "ip": ""
                                    }
                                ]
                            }
                        ],
                        "metadata": {
                            "name": "mongodb"
                        },
                        "apiVersion": "v1",
                        "kind": "Endpoints"
                    }
                },
                "sfs": {
                    "nginx": {
                        "spec": {
                            "template": {
                                "spec": {
                                    "containers": [
                                        {
                                            "ports": [
                                                {
                                                    "containerPort": 8085,
                                                    "name": "web"
                                                }
                                            ],
                                            "image": "bitpod/predev-instanceproxy:task_5120-85a4e367",
                                            "name": "nginx"
                                        }
                                    ]
                                },
                                "metadata": {
                                    "labels": {
                                        "tier": "proxy",
                                        "app": "backend"
                                    }
                                }
                            },
                            "replicas": 1,
                            "serviceName": "nginx"
                        },
                        "metadata": {
                            "name": "nginx",
                            "namespace": "pre-p10-benz"
                        },
                        "kind": "StatefulSet",
                        "apiVersion": "apps/v1beta1"
                    },
                    "bm": {
                        "spec": {
                            "template": {
                                "spec": {
                                    "volumes": [
                                        {
                                            "name": "code"
                                        },
                                        {
                                            "name": "download"
                                        }
                                    ],
                                    "containers": [
                                        {
                                            "readinessProbe": {
                                                "periodSeconds": 5,
                                                "initialDelaySeconds": 5,
                                                "httpGet": {
                                                    "port": 3001,
                                                    "path": "/healthz/"
                                                }
                                            },
                                            "volumeMounts": [
                                                {
                                                    "mountPath": "/var/code",
                                                    "name": "code"
                                                },
                                                {
                                                    "mountPath": "/var/download",
                                                    "name": "download"
                                                }
                                            ],
                                            "ports": [
                                                {
                                                    "containerPort": 3001,
                                                    "name": "web"
                                                }
                                            ],
                                            "env": [
                                                {
                                                    "value": "/var/download",
                                                    "name": "DOWNLOAD_PATH"
                                                },
                                                {
                                                    "value": "https://outlook.office.com/webhook/28b98568-d712-43b0-acab-dc662d48af10@6afcd346-7cb2-46db-897d-c639dbdf0449/IncomingWebhook/04e0ec50319d44c883b86e0f0f7f8d7f/3c5aff45-eca1-4c5b-bec5-6e3876b0c31b",
                                                    "name": "WEBHOOK_URL"
                                                },
                                                {
                                                    "value": "https://outlook.office.com/webhook/28b98568-d712-43b0-acab-dc662d48af10@6afcd346-7cb2-46db-897d-c639dbdf0449/IncomingWebhook/5d616aff7a164791aa8a30adc42ea48e/3c5aff45-eca1-4c5b-bec5-6e3876b0c31b",
                                                    "name": "WEBHOOK_ERRORS_URL"
                                                },
                                                {
                                                    "value": "0zi1x",
                                                    "name": "MONGO_USER"
                                                },
                                                {
                                                    "value": "untam",
                                                    "name": "MONGO_PASSWORD"
                                                },
                                                {
                                                    "value": "p10_benz_wh5zx",
                                                    "name": "MONGO_DATABASE"
                                                },
                                                {
                                                    "valueFrom": {
                                                        "fieldRef": {
                                                            "fieldPath": "metadata.namespace"
                                                        }
                                                    },
                                                    "name": "POD_NAMESPACE"
                                                },
                                                {
                                                    "value": "bm",
                                                    "name": "TIER"
                                                }
                                            ],
                                            "image": "bitpod/predev-baasinstance:fix_5137-c9238b29",
                                            "name": "bm"
                                        }
                                    ]
                                },
                                "metadata": {
                                    "labels": {
                                        "tier": "bm",
                                        "app": "backend"
                                    }
                                }
                            },
                            "replicas": 1,
                            "serviceName": "bm"
                        },
                        "metadata": {
                            "name": "bm",
                            "namespace": "pre-p10-benz"
                        },
                        "kind": "StatefulSet",
                        "apiVersion": "apps/v1beta1"
                    },
                    "engine": {
                        "spec": {
                            "template": {
                                "spec": {
                                    "volumes": [
                                        {
                                            "name": "code"
                                        },
                                        {
                                            "name": "download"
                                        }
                                    ],
                                    "containers": [
                                        {
                                            "volumeMounts": [
                                                {
                                                    "mountPath": "/var/code",
                                                    "name": "code"
                                                },
                                                {
                                                    "mountPath": "/var/download",
                                                    "name": "download"
                                                }
                                            ],
                                            "ports": [
                                                {
                                                    "containerPort": 3000,
                                                    "name": "web"
                                                }
                                            ],
                                            "env": [
                                                {
                                                    "value": "/var/download",
                                                    "name": "DOWNLOAD_PATH"
                                                },
                                                {
                                                    "value": "https://outlook.office.com/webhook/28b98568-d712-43b0-acab-dc662d48af10@6afcd346-7cb2-46db-897d-c639dbdf0449/IncomingWebhook/04e0ec50319d44c883b86e0f0f7f8d7f/3c5aff45-eca1-4c5b-bec5-6e3876b0c31b",
                                                    "name": "WEBHOOK_URL"
                                                },
                                                {
                                                    "value": "https://outlook.office.com/webhook/28b98568-d712-43b0-acab-dc662d48af10@6afcd346-7cb2-46db-897d-c639dbdf0449/IncomingWebhook/5d616aff7a164791aa8a30adc42ea48e/3c5aff45-eca1-4c5b-bec5-6e3876b0c31b",
                                                    "name": "WEBHOOK_ERRORS_URL"
                                                },
                                                {
                                                    "value": "0zi1x",
                                                    "name": "MONGO_USER"
                                                },
                                                {
                                                    "value": "untam",
                                                    "name": "MONGO_PASSWORD"
                                                },
                                                {
                                                    "value": "p10_benz_wh5zx",
                                                    "name": "MONGO_DATABASE"
                                                },
                                                {
                                                    "value": "benz",
                                                    "name": "TENANT_ID"
                                                },
                                                {
                                                    "valueFrom": {
                                                        "fieldRef": {
                                                            "fieldPath": "metadata.namespace"
                                                        }
                                                    },
                                                    "name": "POD_NAMESPACE"
                                                },
                                                {
                                                    "value": "engine",
                                                    "name": "TIER"
                                                },
                                                {
                                                    "value": "engine",
                                                    "name": "USER_PROFILE_SITE_URL"
                                                },
                                                {
                                                    "value": "engine",
                                                    "name": "PLATFORM_SERVICE_URL"
                                                },
                                                {
                                                    "value": "engine",
                                                    "name": "INSTANCE_URL"
                                                }
                                            ],
                                            "image": "bitpod/predev-baasinstance:fix_5137-c9238b29",
                                            "name": "engine"
                                        }
                                    ]
                                },
                                "metadata": {
                                    "labels": {
                                        "tier": "engine",
                                        "app": "backend"
                                    }
                                }
                            },
                            "replicas": 1,
                            "serviceName": "engine"
                        },
                        "metadata": {
                            "name": "engine",
                            "namespace": "pre-p10-benz"
                        },
                        "kind": "StatefulSet",
                        "apiVersion": "apps/v1beta1"
                    },
                    "redis": {
                        "spec": {
                            "template": {
                                "spec": {
                                    "containers": [
                                        {
                                            "ports": [
                                                {
                                                    "containerPort": 6379,
                                                    "name": "web"
                                                }
                                            ],
                                            "image": "redis:alpine",
                                            "name": "redis"
                                        }
                                    ]
                                },
                                "metadata": {
                                    "labels": {
                                        "tier": "redis",
                                        "app": "backend"
                                    }
                                }
                            },
                            "replicas": 1,
                            "serviceName": "redis"
                        },
                        "metadata": {
                            "name": "redis",
                            "namespace": "pre-p10-benz"
                        },
                        "kind": "StatefulSet",
                        "apiVersion": "apps/v1beta1"
                    }
                },
                "svc": {
                    "nginx": {
                        "spec": {
                            "ports": [
                                {
                                    "targetPort": 8085,
                                    "port": 80
                                }
                            ],
                            "selector": {
                                "tier": "proxy",
                                "app": "backend"
                            },
                            "type": "ClusterIP"
                        },
                        "metadata": {
                            "labels": {
                                "tier": "proxy",
                                "app": "backend"
                            },
                            "namespace": "pre-p10-benz",
                            "name": "nginx"
                        },
                        "kind": "Service",
                        "apiVersion": "v1"
                    },
                    "bm": {
                        "spec": {
                            "ports": [
                                {
                                    "targetPort": 3001,
                                    "port": 3001
                                }
                            ],
                            "selector": {
                                "tier": "bm",
                                "app": "backend"
                            }
                        },
                        "metadata": {
                            "labels": {
                                "tier": "bm",
                                "app": "backend"
                            },
                            "namespace": "pre-p10-benz",
                            "name": "bm"
                        },
                        "kind": "Service",
                        "apiVersion": "v1"
                    },
                    "engine": {
                        "spec": {
                            "ports": [
                                {
                                    "targetPort": 3000,
                                    "port": 3000,
                                    "name": "web"
                                },
                                {
                                    "targetPort": 5000,
                                    "port": 5000,
                                    "name": "websocket"
                                }
                            ],
                            "selector": {
                                "tier": "engine",
                                "app": "backend"
                            }
                        },
                        "metadata": {
                            "labels": {
                                "tier": "engine",
                                "app": "backend"
                            },
                            "namespace": "pre-p10-benz",
                            "name": "engine"
                        },
                        "kind": "Service",
                        "apiVersion": "v1"
                    },
                    "mongodb": {
                        "spec": {
                            "ports": [
                                {
                                    "targetPort": 27017,
                                    "port": 27017,
                                    "protocol": "TCP"
                                }
                            ]
                        },
                        "metadata": {
                            "name": "mongodb"
                        },
                        "apiVersion": "v1",
                        "kind": "Service"
                    },
                    "redis": {
                        "spec": {
                            "ports": [
                                {
                                    "targetPort": 6379,
                                    "port": 6379
                                }
                            ],
                            "selector": {
                                "tier": "redis",
                                "app": "backend"
                            }
                        },
                        "metadata": {
                            "labels": {
                                "tier": "redis",
                                "app": "backend"
                            },
                            "namespace": "pre-p10-benz",
                            "name": "redis"
                        },
                        "kind": "Service",
                        "apiVersion": "v1"
                    }
                },
                "ns": {
                    "metadata": {
                        "name": "pre-p10-benz"
                    },
                    "kind": "Namespace",
                    "apiVersion": "v1"
                },
                "metadata": {
                    "namespace": "pre-p10-benz"
                }
            }
        },
        "users": [
            "adarshkumar@bitpod.io"
        ],
        "authClients": {
            "clientCreds": {
                "clientSecret": "f043f7903ceb7859444cb9358c27858707042cb2",
                "clientId": "faaa55c256b60074bca95d42baf082c444604343"
            },
            "bpmnBaasClient": {
                "clientSecret": "73326b80145d3c3f891fb8e68a1d11ded0c2120d",
                "clientId": "9e45469ff798a7dc734603fe98abb8f7671b70d7"
            }
        },
        "accessKeys": [
            {
                "modifiedAt": 1597726645609,
                "createdAt": 1597726645609,
                "userId": "adarshkumar@bitpod.io",
                "isActive": true,
                "key": "8c86dbbd6d68f847edcbf00020c46209fecd7e07a906e1d8371e7986bd91dc54424e2801654235470655d414681eafcc"
            }
        ],
        "cleanLogs": [
            {
                "_id": "5f4c6f37a8986e273821638e",
                "type": "info",
                "time": "2020-08-31T03:31:50.840Z",
                "log": "version 127 pushed on github"
            }
        ],
        "roleMapping": {
            "InstanceOwner": [
                "adarshkumar@bitpod.io"
            ]
        },
        "jobId": "341",
        "codeVersion": 4,
        "instanceUrl": "http://34.73.82.229:31411",
        "microServices": [
            {
                "status": {
                    "loadBalancer": {}
                },
                "spec": {
                    "sessionAffinity": "None",
                    "type": "ClusterIP",
                    "clusterIP": "10.3.241.87",
                    "selector": {
                        "tier": "bm",
                        "app": "backend"
                    },
                    "ports": [
                        {
                            "targetPort": 3001,
                            "port": 3001,
                            "protocol": "TCP"
                        }
                    ]
                },
                "metadata": {
                    "annotations": {
                        "meta.helm.sh/release-namespace": "pre-p10-benz",
                        "meta.helm.sh/release-name": "pre-p10-benz"
                    },
                    "labels": {
                        "tier": "bm",
                        "serviceSpecVersion": "1",
                        "app.kubernetes.io/managed-by": "Helm",
                        "app": "backend"
                    },
                    "creationTimestamp": "2020-08-18T04:57:30Z",
                    "resourceVersion": "279261355",
                    "uid": "521e4f81-e10f-11ea-bebf-42010a8e0198",
                    "selfLink": "/api/v1/namespaces/pre-p10-benz/services/bm",
                    "namespace": "pre-p10-benz",
                    "name": "bm"
                }
            },
            {
                "status": {
                    "loadBalancer": {}
                },
                "spec": {
                    "externalName": "bpmnapi.app-activiti-predev.svc.cluster.local",
                    "sessionAffinity": "None",
                    "type": "ExternalName",
                    "ports": [
                        {
                            "targetPort": 8081,
                            "port": 8081,
                            "protocol": "TCP"
                        }
                    ]
                },
                "metadata": {
                    "annotations": {
                        "meta.helm.sh/release-namespace": "pre-p10-benz",
                        "meta.helm.sh/release-name": "pre-p10-benz"
                    },
                    "labels": {
                        "app.kubernetes.io/managed-by": "Helm"
                    },
                    "creationTimestamp": "2020-08-18T04:57:30Z",
                    "resourceVersion": "279261346",
                    "uid": "521d5e62-e10f-11ea-bebf-42010a8e0198",
                    "selfLink": "/api/v1/namespaces/pre-p10-benz/services/bpmnapi",
                    "namespace": "pre-p10-benz",
                    "name": "bpmnapi"
                }
            },
            {
                "status": {
                    "loadBalancer": {}
                },
                "spec": {
                    "sessionAffinity": "None",
                    "type": "ClusterIP",
                    "clusterIP": "10.3.252.85",
                    "selector": {
                        "tier": "engine",
                        "app": "backend"
                    },
                    "ports": [
                        {
                            "targetPort": 3000,
                            "port": 3000,
                            "protocol": "TCP",
                            "name": "web"
                        },
                        {
                            "targetPort": 5000,
                            "port": 5000,
                            "protocol": "TCP",
                            "name": "websocket"
                        },
                        {
                            "targetPort": 8000,
                            "port": 8000,
                            "protocol": "TCP",
                            "name": "healthzcheck"
                        }
                    ]
                },
                "metadata": {
                    "annotations": {
                        "meta.helm.sh/release-namespace": "pre-p10-benz",
                        "meta.helm.sh/release-name": "pre-p10-benz"
                    },
                    "labels": {
                        "tier": "engine",
                        "serviceSpecVersion": "1",
                        "app.kubernetes.io/managed-by": "Helm",
                        "app": "backend"
                    },
                    "creationTimestamp": "2020-08-18T04:57:30Z",
                    "resourceVersion": "279261375",
                    "uid": "5223c2e1-e10f-11ea-bebf-42010a8e0198",
                    "selfLink": "/api/v1/namespaces/pre-p10-benz/services/engine",
                    "namespace": "pre-p10-benz",
                    "name": "engine"
                }
            },
            {
                "status": {
                    "loadBalancer": {}
                },
                "spec": {
                    "sessionAffinity": "None",
                    "type": "ClusterIP",
                    "clusterIP": "10.3.240.172",
                    "selector": {
                        "tier": "engine-debug",
                        "app": "backend"
                    },
                    "ports": [
                        {
                            "targetPort": 3000,
                            "port": 3000,
                            "protocol": "TCP",
                            "name": "web"
                        },
                        {
                            "targetPort": 5000,
                            "port": 5000,
                            "protocol": "TCP",
                            "name": "websocket"
                        },
                        {
                            "targetPort": 8000,
                            "port": 8000,
                            "protocol": "TCP",
                            "name": "healthzcheck"
                        }
                    ]
                },
                "metadata": {
                    "annotations": {
                        "meta.helm.sh/release-namespace": "pre-p10-benz",
                        "meta.helm.sh/release-name": "pre-p10-benz"
                    },
                    "labels": {
                        "tier": "engine-debug",
                        "serviceSpecVersion": "1",
                        "app.kubernetes.io/managed-by": "Helm",
                        "app": "backend"
                    },
                    "creationTimestamp": "2020-08-18T04:57:30Z",
                    "resourceVersion": "279261371",
                    "uid": "5222742e-e10f-11ea-bebf-42010a8e0198",
                    "selfLink": "/api/v1/namespaces/pre-p10-benz/services/engine-debug",
                    "namespace": "pre-p10-benz",
                    "name": "engine-debug"
                }
            },
            {
                "status": {
                    "loadBalancer": {}
                },
                "spec": {
                    "externalTrafficPolicy": "Cluster",
                    "sessionAffinity": "None",
                    "type": "NodePort",
                    "clusterIP": "10.3.252.75",
                    "selector": {
                        "tier": "proxy",
                        "app": "backend"
                    },
                    "ports": [
                        {
                            "nodePort": 31411,
                            "targetPort": 8085,
                            "port": 80,
                            "protocol": "TCP",
                            "name": "http"
                        },
                        {
                            "nodePort": 32284,
                            "targetPort": 443,
                            "port": 443,
                            "protocol": "TCP",
                            "name": "https"
                        }
                    ]
                },
                "metadata": {
                    "annotations": {
                        "meta.helm.sh/release-namespace": "pre-p10-benz",
                        "meta.helm.sh/release-name": "pre-p10-benz"
                    },
                    "labels": {
                        "tier": "proxy",
                        "serviceSpecVersion": "1",
                        "app.kubernetes.io/managed-by": "Helm",
                        "app": "backend"
                    },
                    "creationTimestamp": "2020-08-18T04:57:30Z",
                    "resourceVersion": "279261354",
                    "uid": "521ea465-e10f-11ea-bebf-42010a8e0198",
                    "selfLink": "/api/v1/namespaces/pre-p10-benz/services/nginx",
                    "namespace": "pre-p10-benz",
                    "name": "nginx"
                }
            },
            {
                "status": {
                    "loadBalancer": {}
                },
                "spec": {
                    "sessionAffinity": "None",
                    "type": "ClusterIP",
                    "clusterIP": "10.3.246.4",
                    "selector": {
                        "tier": "oauth",
                        "app": "backend"
                    },
                    "ports": [
                        {
                            "targetPort": 8000,
                            "port": 8000,
                            "protocol": "TCP",
                            "name": "web"
                        }
                    ]
                },
                "metadata": {
                    "annotations": {
                        "meta.helm.sh/release-namespace": "pre-p10-benz",
                        "meta.helm.sh/release-name": "pre-p10-benz"
                    },
                    "labels": {
                        "tier": "oauth",
                        "serviceSpecVersion": "1",
                        "app.kubernetes.io/managed-by": "Helm",
                        "app": "backend"
                    },
                    "creationTimestamp": "2020-08-18T04:57:30Z",
                    "resourceVersion": "279261359",
                    "uid": "521ee296-e10f-11ea-bebf-42010a8e0198",
                    "selfLink": "/api/v1/namespaces/pre-p10-benz/services/oauth",
                    "namespace": "pre-p10-benz",
                    "name": "oauth"
                }
            },
            {
                "status": {
                    "loadBalancer": {}
                },
                "spec": {
                    "sessionAffinity": "None",
                    "type": "ClusterIP",
                    "clusterIP": "10.3.251.115",
                    "selector": {
                        "tier": "redis",
                        "app": "backend"
                    },
                    "ports": [
                        {
                            "targetPort": 6379,
                            "port": 6379,
                            "protocol": "TCP"
                        }
                    ]
                },
                "metadata": {
                    "annotations": {
                        "meta.helm.sh/release-namespace": "pre-p10-benz",
                        "meta.helm.sh/release-name": "pre-p10-benz"
                    },
                    "labels": {
                        "tier": "redis",
                        "serviceSpecVersion": "1",
                        "app.kubernetes.io/managed-by": "Helm",
                        "app": "backend"
                    },
                    "creationTimestamp": "2020-08-18T04:57:30Z",
                    "resourceVersion": "279261365",
                    "uid": "522142f7-e10f-11ea-bebf-42010a8e0198",
                    "selfLink": "/api/v1/namespaces/pre-p10-benz/services/redis",
                    "namespace": "pre-p10-benz",
                    "name": "redis"
                }
            },
            {
                "status": {
                    "loadBalancer": {}
                },
                "spec": {
                    "externalTrafficPolicy": "Cluster",
                    "sessionAffinity": "None",
                    "type": "NodePort",
                    "clusterIP": "10.3.246.228",
                    "selector": {
                        "tier": "s3storage",
                        "qs": "s3storage",
                        "app": "backend"
                    },
                    "ports": [
                        {
                            "nodePort": 32329,
                            "targetPort": 8000,
                            "port": 8000,
                            "protocol": "TCP"
                        }
                    ]
                },
                "metadata": {
                    "annotations": {
                        "meta.helm.sh/release-namespace": "pre-p10-benz",
                        "meta.helm.sh/release-name": "pre-p10-benz"
                    },
                    "labels": {
                        "tier": "s3storage",
                        "serviceSpecVersion": "1",
                        "app.kubernetes.io/managed-by": "Helm",
                        "app": "backend"
                    },
                    "creationTimestamp": "2020-08-18T04:57:30Z",
                    "resourceVersion": "279261367",
                    "uid": "5221cbf8-e10f-11ea-bebf-42010a8e0198",
                    "selfLink": "/api/v1/namespaces/pre-p10-benz/services/s3storage",
                    "namespace": "pre-p10-benz",
                    "name": "s3storage"
                }
            },
            {
                "status": {
                    "loadBalancer": {}
                },
                "spec": {
                    "sessionAffinity": "None",
                    "type": "ClusterIP",
                    "clusterIP": "10.3.249.58",
                    "selector": {
                        "tier": "site-r1ezh2osfp",
                        "app": "backend"
                    },
                    "ports": [
                        {
                            "targetPort": 3000,
                            "port": 80,
                            "protocol": "TCP",
                            "name": "api"
                        }
                    ]
                },
                "metadata": {
                    "annotations": {
                        "meta.helm.sh/release-namespace": "pre-p10-benz",
                        "meta.helm.sh/release-name": "pre-p10-benz"
                    },
                    "labels": {
                        "tier": "site-r1ezh2osfp",
                        "serviceSpecVersion": "2",
                        "app.kubernetes.io/managed-by": "Helm",
                        "app": "backend"
                    },
                    "creationTimestamp": "2020-08-20T07:57:21Z",
                    "resourceVersion": "280129340",
                    "uid": "c6864ece-e2ba-11ea-bebf-42010a8e0198",
                    "selfLink": "/api/v1/namespaces/pre-p10-benz/services/site-service-r1ezh2osfp",
                    "namespace": "pre-p10-benz",
                    "name": "site-service-r1ezh2osfp"
                }
            },
            {
                "status": {
                    "loadBalancer": {}
                },
                "spec": {
                    "sessionAffinity": "None",
                    "type": "ClusterIP",
                    "clusterIP": "10.3.244.166",
                    "selector": {
                        "tier": "webhosting",
                        "app": "backend"
                    },
                    "ports": [
                        {
                            "targetPort": 8800,
                            "port": 8800,
                            "protocol": "TCP",
                            "name": "api"
                        },
                        {
                            "targetPort": 80,
                            "port": 80,
                            "protocol": "TCP",
                            "name": "nginx"
                        }
                    ]
                },
                "metadata": {
                    "annotations": {
                        "meta.helm.sh/release-namespace": "pre-p10-benz",
                        "meta.helm.sh/release-name": "pre-p10-benz"
                    },
                    "labels": {
                        "tier": "webhosting",
                        "serviceSpecVersion": "2",
                        "app.kubernetes.io/managed-by": "Helm",
                        "app": "backend"
                    },
                    "creationTimestamp": "2020-08-18T04:57:30Z",
                    "resourceVersion": "279261351",
                    "uid": "521d6a2b-e10f-11ea-bebf-42010a8e0198",
                    "selfLink": "/api/v1/namespaces/pre-p10-benz/services/webhosting",
                    "namespace": "pre-p10-benz",
                    "name": "webhosting"
                }
            }
        ],
        "workloads": "",
        "debuggerEnabled": false,
        "childJobId": "342",
        "debuggerMeta": {},
        "deploymentLogs": [
            {
                "_id": "5f4744eed0cca7000e9c2590",
                "type": "info",
                "time": "2020-08-27T05:30:22.350Z",
                "log": "Initializing deployment..."
            },
            {
                "_id": "5f4744eed0cca7000e9c2591",
                "type": "info",
                "time": "2020-08-27T05:30:22.517Z",
                "log": "Generating code..."
            },
            {
                "_id": "5f4744eed0cca7000e9c2592",
                "type": "info",
                "time": "2020-08-27T05:30:22.525Z",
                "log": "Writing code to disk..."
            },
            {
                "_id": "5f4744eed0cca7000e9c2593",
                "type": "info",
                "time": "2020-08-27T05:30:22.641Z",
                "log": "Uploading code to the backend..."
            },
            {
                "_id": "5f4744eed0cca7000e9c2596",
                "type": "info",
                "time": "2020-08-27T05:30:22.687Z",
                "log": "Finalizing deployment..."
            },
            {
                "_id": "5f4744eed0cca7000e9c2597",
                "type": "info",
                "time": "2020-08-27T05:30:22.840Z",
                "log": "New code deployed! Restarting backend..."
            },
            {
                "_id": "5f4744eed0cca7000e9c2598",
                "type": "info",
                "time": "2020-08-27T05:30:22.870Z",
                "log": "Verifying backend updates..."
            },
            {
                "_id": "5f4744f4d0cca7000e9c2599",
                "type": "info",
                "time": "2020-08-27T05:30:28.884Z",
                "log": "Updating replicas: (1/2). "
            },
            {
                "_id": "5f4744fad0cca7000e9c259a",
                "type": "info",
                "time": "2020-08-27T05:30:34.900Z",
                "log": "Updating replicas: (1/2). "
            },
            {
                "_id": "5f474500d0cca7000e9c259b",
                "type": "info",
                "time": "2020-08-27T05:30:40.919Z",
                "log": "Updating replicas: (1/2). "
            },
            {
                "_id": "5f474506d0cca7000e9c259c",
                "type": "info",
                "time": "2020-08-27T05:30:46.934Z",
                "log": "Updating replicas: (1/2). "
            },
            {
                "_id": "5f47450cd0cca7000e9c259d",
                "type": "info",
                "time": "2020-08-27T05:30:52.951Z",
                "log": "Updating replicas: (1/2). "
            },
            {
                "_id": "5f474512d0cca7000e9c259e",
                "type": "info",
                "time": "2020-08-27T05:30:58.968Z",
                "log": "Updating replicas: (1/2). "
            },
            {
                "_id": "5f474518d0cca7000e9c259f",
                "type": "info",
                "time": "2020-08-27T05:31:04.983Z",
                "log": "Updating replicas: (1/2). "
            },
            {
                "_id": "5f47451ed0cca7000e9c25a0",
                "type": "info",
                "time": "2020-08-27T05:31:10.999Z",
                "log": "Updating replicas: (1/2). "
            },
            {
                "_id": "5f474525d0cca7000e9c25a1",
                "type": "info",
                "time": "2020-08-27T05:31:17.015Z",
                "log": "Updating replicas: (2/2). "
            },
            {
                "_id": "5f474525d0cca7000e9c25a2",
                "type": "info",
                "time": "2020-08-27T05:31:17.028Z",
                "log": "Deployment completed"
            },
            {
                "type": "info",
                "time": "2020-08-27T05:31:17.028Z",
                "log": "Deployment not completed"
            },
            {
                "_id": "5f4c76258df98d3cc45b6f1c",
                "type": "info",
                "time": "2020-08-31T04:01:40.329Z",
                "log": "deployment 128 pushed on github"
            },
            {
                "_id": "5f4c77ea5b95e7321097976c",
                "type": "error",
                "time": "2020-08-31T04:09:14.022Z",
                "log": "Meta zip pushed on github"
            }
        ]
    },
    "listOfContentFileIds": [],
    "version": "1.0.0",
    "exportedDate": "2020-08-31T07:07:19.657Z",
    "exportedBy": "mmohtta@paragyte.com",
    "workflowZip": "r1A31yYMv_workflow_H1liZmqQw.zip"
}