[
    {
        "_id": "rksGYWLNP",
        "_deleted": false,
        "_createdAt": "2020-09-09T07:49:38.893Z",
        "_modifiedAt": "2020-09-09T07:49:38.893Z",
        "_lv": 0,
        "deploymentVersion": 15,
        "backendId": "r1A31yYMv",
        "modelId": "ModelOne",
        "enabled": true,
        "name": "getData_CEYO",
        "type": "get",
        "path": "/ceyo",
        "returnRaw": false,
        "functionCode": "function getData_CEYO (){\n\t/**\n\t * This is a Function\n\t * Add Your Logic for this custom API here\n\t */\n}",
        "accepts": [],
        "returns": [],
        "description": [
            "no description is provided"
        ],
        "_v": 1
    }
]