[
    {
        "_id": "5f3b5fb81cbae5000d11c72b",
        "deploymentVersion": 1,
        "backendId": "r1A31yYMv",
        "_deleted": false,
        "_createdAt": "2020-08-18T04:57:28.532Z",
        "_modifiedAt": "2020-08-18T04:57:28.532Z",
        "system": true,
        "foreignKey": "orgId",
        "isForeignKeyAnArray": false,
        "cascadeDelete": true,
        "type": "belongsTo",
        "_lv": 0,
        "_v": 1,
        "participated_models": [
            "Organization",
            "Workflow"
        ],
        "B": {
            "name": "myOrganization",
            "modelName": "Workflow"
        },
        "A": {
            "name": "",
            "modelName": "Organization"
        }
    },
    {
        "_id": "5f3b5fb81cbae5000d11c72a",
        "deploymentVersion": 1,
        "backendId": "r1A31yYMv",
        "_deleted": false,
        "_createdAt": "2020-08-18T04:57:28.531Z",
        "_modifiedAt": "2020-08-18T04:57:28.531Z",
        "system": true,
        "foreignKey": "orgId",
        "isForeignKeyAnArray": false,
        "cascadeDelete": true,
        "type": "belongsTo",
        "_lv": 0,
        "_v": 1,
        "participated_models": [
            "Organization",
            "jobDetail"
        ],
        "B": {
            "name": "myOrganization",
            "modelName": "jobDetail"
        },
        "A": {
            "name": "",
            "modelName": "Organization"
        }
    },
    {
        "_id": "5f3b5fb81cbae5000d11c728",
        "deploymentVersion": 1,
        "backendId": "r1A31yYMv",
        "_deleted": false,
        "_createdAt": "2020-08-18T04:57:28.530Z",
        "_modifiedAt": "2020-08-18T04:57:28.530Z",
        "system": true,
        "foreignKey": "orgId",
        "isForeignKeyAnArray": false,
        "cascadeDelete": true,
        "type": "belongsTo",
        "_lv": 0,
        "_v": 1,
        "participated_models": [
            "Organization",
            "Attachment"
        ],
        "B": {
            "name": "myOrganization",
            "modelName": "Attachment"
        },
        "A": {
            "name": "",
            "modelName": "Organization"
        }
    },
    {
        "_id": "5f3b5fb81cbae5000d11c729",
        "deploymentVersion": 1,
        "backendId": "r1A31yYMv",
        "_deleted": false,
        "_createdAt": "2020-08-18T04:57:28.529Z",
        "_modifiedAt": "2020-08-18T04:57:28.529Z",
        "system": true,
        "foreignKey": "orgId",
        "isForeignKeyAnArray": false,
        "cascadeDelete": true,
        "type": "belongsTo",
        "_lv": 0,
        "_v": 1,
        "participated_models": [
            "Organization",
            "Connection"
        ],
        "B": {
            "name": "myOrganization",
            "modelName": "Connection"
        },
        "A": {
            "name": "",
            "modelName": "Organization"
        }
    },
    {
        "_id": "r1V-pykKGv",
        "deploymentVersion": 1,
        "backendId": "r1A31yYMv",
        "_deleted": false,
        "_createdAt": "2020-08-18T04:57:28.595Z",
        "_modifiedAt": "2020-08-18T04:57:28.595Z",
        "system": true,
        "foreignKey": "userId",
        "foreignKeyType": "string",
        "isForeignKeyAnArray": false,
        "cascadeDelete": false,
        "type": "1-N Relation",
        "_lv": 0,
        "_v": 1,
        "participated_models": [
            "User",
            "AccessKey"
        ],
        "B": {
            "name": "user",
            "modelName": "AccessKey"
        },
        "A": {
            "name": "accessKeys",
            "modelName": "User"
        }
    },
    {
        "_id": "ByQ-6y1KzD",
        "deploymentVersion": 1,
        "backendId": "r1A31yYMv",
        "_deleted": false,
        "_createdAt": "2020-08-18T04:57:28.601Z",
        "_modifiedAt": "2020-08-18T04:57:28.601Z",
        "system": true,
        "foreignKey": "userId",
        "foreignKeyType": "string",
        "isForeignKeyAnArray": false,
        "cascadeDelete": false,
        "type": "1-1 Relation",
        "_lv": 0,
        "_v": 1,
        "participated_models": [
            "User",
            "Attachment"
        ],
        "B": {
            "name": "owner",
            "modelName": "Attachment"
        },
        "A": {
            "name": "attachment",
            "modelName": "User"
        }
    },
    {
        "_id": "5f473598367220000daf2810",
        "deploymentVersion": 2,
        "backendId": "r1A31yYMv",
        "_deleted": false,
        "_createdAt": "2020-08-27T04:24:56.164Z",
        "_modifiedAt": "2020-08-27T04:24:56.164Z",
        "system": true,
        "foreignKey": "orgId",
        "isForeignKeyAnArray": false,
        "cascadeDelete": true,
        "type": "belongsTo",
        "_lv": 0,
        "_v": 1,
        "participated_models": [
            "Organization",
            "Offer"
        ],
        "B": {
            "name": "myOrganization",
            "modelName": "Offer"
        },
        "A": {
            "name": "",
            "modelName": "Organization"
        }
    },
    {
        "_id": "5f575cc79668f4000dc522c4",
        "deploymentVersion": 8,
        "backendId": "r1A31yYMv",
        "_deleted": false,
        "_createdAt": "2020-09-08T10:28:23.591Z",
        "_modifiedAt": "2020-09-08T10:28:23.591Z",
        "system": true,
        "foreignKey": "orgId",
        "isForeignKeyAnArray": false,
        "cascadeDelete": true,
        "type": "belongsTo",
        "_lv": 0,
        "_v": 1,
        "participated_models": [
            "Organization",
            "singh"
        ],
        "B": {
            "name": "myOrganization",
            "modelName": "singh"
        },
        "A": {
            "name": "",
            "modelName": "Organization"
        }
    },
    {
        "_id": "5f576153bff4bc000c65c5ed",
        "deploymentVersion": 10,
        "backendId": "r1A31yYMv",
        "_deleted": true,
        "_createdAt": "2020-09-08T10:47:47.190Z",
        "_modifiedAt": "2020-09-08T10:47:47.190Z",
        "system": true,
        "foreignKey": "orgId",
        "isForeignKeyAnArray": false,
        "cascadeDelete": true,
        "type": "belongsTo",
        "_lv": 0,
        "_v": 1,
        "participated_models": [
            "Organization",
            "rtyrtyrty"
        ],
        "B": {
            "name": "myOrganization",
            "modelName": "rtyrtyrty"
        },
        "A": {
            "name": "",
            "modelName": "Organization"
        }
    },
    {
        "_id": "5f58551a463ce2000d3befd4",
        "deploymentVersion": 11,
        "backendId": "r1A31yYMv",
        "_deleted": false,
        "_createdAt": "2020-09-09T04:07:54.482Z",
        "_modifiedAt": "2020-09-09T04:07:54.482Z",
        "system": true,
        "foreignKey": "orgId",
        "isForeignKeyAnArray": false,
        "cascadeDelete": true,
        "type": "belongsTo",
        "_lv": 0,
        "_v": 1,
        "participated_models": [
            "Organization",
            "LifeOfPie"
        ],
        "B": {
            "name": "myOrganization",
            "modelName": "LifeOfPie"
        },
        "A": {
            "name": "",
            "modelName": "Organization"
        }
    },
    {
        "_id": "5f58772db9961e000de320c4",
        "deploymentVersion": 12,
        "backendId": "r1A31yYMv",
        "_deleted": false,
        "_createdAt": "2020-09-09T06:33:17.068Z",
        "_modifiedAt": "2020-09-09T06:33:17.068Z",
        "system": true,
        "foreignKey": "orgId",
        "isForeignKeyAnArray": false,
        "cascadeDelete": true,
        "type": "belongsTo",
        "_lv": 0,
        "_v": 1,
        "participated_models": [
            "Organization",
            "ModelZero"
        ],
        "B": {
            "name": "myOrganization",
            "modelName": "ModelZero"
        },
        "A": {
            "name": "",
            "modelName": "Organization"
        }
    },
    {
        "_id": "5f587a49b9961e000de320c5",
        "deploymentVersion": 13,
        "backendId": "r1A31yYMv",
        "_deleted": false,
        "_createdAt": "2020-09-09T06:46:33.683Z",
        "_modifiedAt": "2020-09-09T06:46:33.683Z",
        "system": true,
        "foreignKey": "orgId",
        "isForeignKeyAnArray": false,
        "cascadeDelete": true,
        "type": "belongsTo",
        "_lv": 0,
        "_v": 1,
        "participated_models": [
            "Organization",
            "ModelOne"
        ],
        "B": {
            "name": "myOrganization",
            "modelName": "ModelOne"
        },
        "A": {
            "name": "",
            "modelName": "Organization"
        }
    },
    {
        "_id": "5f58b3139025074de0009df6",
        "deploymentVersion": 17,
        "backendId": "r1A31yYMv",
        "_deleted": false,
        "_createdAt": "2020-09-09T10:48:51.870Z",
        "_modifiedAt": "2020-09-09T10:48:51.870Z",
        "system": false,
        "foreignKey": "zerosmile",
        "isForeignKeyAnArray": false,
        "type": "embedsOne",
        "_lv": 0,
        "_v": 1,
        "participated_models": [
            "ModelZero",
            "smile"
        ],
        "B": {
            "name": "zeroSmile",
            "modelName": "smile"
        },
        "A": {
            "name": "zeroSmile",
            "modelName": "ModelZero"
        }
    }
]