[
    {
        "_id": "HylCnkyYGw",
        "deploymentVersion": 1,
        "name": "mapping",
        "plural": "mappings",
        "properties": {
            "modifiedDate": {
                "defaultVal": "",
                "displayInView": true,
                "index": false,
                "id": false,
                "propertyName": "modifiedDate",
                "isArray": false,
                "system": true,
                "type": "Date",
                "label": "H",
                "required": "on"
            },
            "createdDate": {
                "defaultVal": "",
                "displayInView": true,
                "index": false,
                "id": false,
                "propertyName": "createdDate",
                "system": true,
                "isArray": false,
                "type": "Date",
                "label": "H",
                "required": "on"
            },
            "modifiedBy": {
                "defaultVal": "",
                "displayInView": true,
                "index": false,
                "system": true,
                "id": false,
                "propertyName": "modifiedBy",
                "isArray": false,
                "type": "string",
                "label": "",
                "required": "on"
            },
            "createdBy": {
                "defaultVal": "",
                "displayInView": true,
                "index": false,
                "id": false,
                "system": true,
                "propertyName": "createdBy",
                "isArray": false,
                "type": "string",
                "label": "",
                "required": "on"
            },
            "modelId": {
                "defaultVal": "",
                "displayInView": true,
                "index": false,
                "system": true,
                "id": false,
                "propertyName": "modelId",
                "isArray": false,
                "type": "string",
                "label": "",
                "required": "on"
            },
            "mappingName": {
                "defaultVal": "",
                "displayInView": true,
                "index": false,
                "id": false,
                "system": true,
                "propertyName": "mappingName",
                "isArray": false,
                "type": "string",
                "label": "",
                "required": "on"
            },
            "id": {
                "defaultVal": "",
                "displayInView": true,
                "builtIn": true,
                "index": true,
                "id": true,
                "propertyName": "id",
                "isArray": false,
                "type": "string",
                "label": "",
                "required": true
            }
        },
        "persistedModel": true,
        "_doctype": "Model",
        "backendId": "r1A31yYMv",
        "dataSource": "mongoDb",
        "system": true,
        "_deleted": false,
        "_createdAt": "2020-08-18T04:57:26.190Z",
        "_modifiedAt": "2020-08-18T04:57:26.190Z",
        "_lv": 0,
        "strict": false,
        "mixins": {
            "DefaultDataMembers": true,
            "StringIdGenerationMixin": true,
            "Deletemixin": {
                "softDelete": true
            }
        },
        "permissions": {
            "categories": {
                "delete": {
                    "categoryName": "delete",
                    "roles": [
                        "$authenticated"
                    ]
                },
                "update": {
                    "categoryName": "update",
                    "roles": [
                        "$authenticated"
                    ]
                },
                "read": {
                    "categoryName": "read",
                    "roles": [
                        "$authenticated"
                    ]
                },
                "create": {
                    "categoryName": "create",
                    "roles": [
                        "$authenticated"
                    ]
                }
            }
        },
        "tags": [],
        "disabledAPI": [],
        "_v": 1,
        "relatedTo": [],
        "acls": [
            {
                "property": "*",
                "permission": "ALLOW",
                "principalId": "$authenticated",
                "principalType": "ROLE",
                "accessType": "*"
            }
        ]
    },
    {
        "_id": "r1z02ykKfD",
        "deploymentVersion": 1,
        "name": "Organization",
        "plural": "Organizations",
        "properties": {
            "defaultDomain": {
                "builtIn": true,
                "index": false,
                "id": false,
                "displayInView": true,
                "label": "defaultDomain",
                "propertyName": "defaultDomain",
                "isArray": false,
                "type": "boolean",
                "required": false
            },
            "admin": {
                "builtIn": true,
                "defaultVal": "",
                "displayInView": true,
                "index": false,
                "id": false,
                "propertyName": "admin",
                "isArray": false,
                "type": "string",
                "label": "admin",
                "required": false
            },
            "address": {
                "index": false,
                "id": false,
                "displayInView": true,
                "builtIn": true,
                "propertyName": "address",
                "label": "address",
                "required": false,
                "type": "String"
            },
            "phoneno": {
                "index": false,
                "id": false,
                "displayInView": true,
                "builtIn": true,
                "propertyName": "phoneno",
                "label": "phoneno",
                "required": false,
                "type": "Number"
            },
            "logoUrl": {
                "index": false,
                "id": false,
                "displayInView": true,
                "builtIn": true,
                "propertyName": "logo",
                "label": "logo",
                "required": false,
                "type": "String"
            },
            "description": {
                "index": false,
                "id": false,
                "displayInView": true,
                "builtIn": true,
                "propertyName": "description",
                "label": "description",
                "required": false,
                "type": "string"
            },
            "name": {
                "displayInView": true,
                "builtIn": true,
                "index": true,
                "propertyName": "name",
                "label": "name",
                "required": true,
                "type": "String"
            },
            "id": {
                "system": true,
                "builtIn": true,
                "index": true,
                "label": "id",
                "propertyName": "id",
                "required": true,
                "id": true,
                "type": "Number"
            }
        },
        "persistedModel": true,
        "_doctype": "Model",
        "backendId": "r1A31yYMv",
        "dataSource": "mongoDb",
        "system": true,
        "_deleted": false,
        "_createdAt": "2020-08-18T04:57:26.197Z",
        "_modifiedAt": "2020-08-18T04:57:26.197Z",
        "_lv": 0,
        "strict": true,
        "mixins": {
            "Deletemixin": {
                "softDelete": true
            }
        },
        "permissions": {
            "apis": {
                "Organization@fetchRoleFromOrgUser": {
                    "operationId": "Organization@fetchRoleFromOrgUser",
                    "roles": [
                        "$instanceowner",
                        "$orguser"
                    ],
                    "verb": "get",
                    "name": "fetchRoleFromOrgUser"
                },
                "Organization@removeUserAccessKeys": {
                    "operationId": "Organization@removeUserAccessKeys",
                    "roles": [
                        "$instanceowner",
                        "$owner"
                    ],
                    "verb": "delete",
                    "name": "removeUserAccessKeys"
                },
                "Organization@addUserAccessKeys": {
                    "operationId": "Organization@addUserAccessKeys",
                    "roles": [
                        "$instanceowner",
                        "$owner"
                    ],
                    "verb": "post",
                    "name": "addUserAccessKeys"
                },
                "Organization@fetchUserAccessKeys": {
                    "operationId": "Organization@fetchUserAccessKeys",
                    "roles": [
                        "$instanceowner"
                    ],
                    "verb": "get",
                    "name": "fetchUserAccessKeys"
                },
                "Organization@revokeRoleFromOrgUser": {
                    "operationId": "Organization@revokeRoleFromOrgUser",
                    "roles": [
                        "$instanceowner",
                        "$orgowner"
                    ],
                    "verb": "delete",
                    "name": "revokeRoleFromOrgUser"
                },
                "Organization@assignRoleToOrgUser": {
                    "operationId": "Organization@assignRoleToOrgUser",
                    "roles": [
                        "$instanceowner",
                        "$orgowner"
                    ],
                    "verb": "delete",
                    "name": "assignRoleToOrgUser"
                },
                "Organization@removeOrgUser": {
                    "operationId": "Organization@removeOrgUser",
                    "roles": [
                        "$instanceowner",
                        "$orgowner"
                    ],
                    "verb": "delete",
                    "name": "removeOrgUser"
                },
                "Organization@getOrgUsersCount": {
                    "operationId": "Organization@getOrgUsersCount",
                    "roles": [
                        "$instanceowner",
                        "$orguser"
                    ],
                    "verb": "get",
                    "name": "getOrgUsersCount"
                },
                "Organization@getOrgUsers": {
                    "operationId": "Organization@getOrgUsers",
                    "roles": [
                        "$instanceowner",
                        "$orguser"
                    ],
                    "verb": "get",
                    "name": "getOrgUsers"
                },
                "Organization@getOrgUserById": {
                    "operationId": "Organization@getOrgUserById",
                    "roles": [
                        "$instanceowner",
                        "$orguser"
                    ],
                    "verb": "get",
                    "name": "getOrgUserById"
                },
                "Organization@addOrgUser": {
                    "operationId": "Organization@addOrgUser",
                    "roles": [
                        "$instanceowner",
                        "$orgowner"
                    ],
                    "verb": "post",
                    "name": "addOrgUser"
                },
                "Organization@prototype@__get__OrganizationDomains": {
                    "operationId": "Organization@prototype@__get__OrganizationDomains",
                    "roles": [
                        "$authenticated"
                    ],
                    "verb": "get",
                    "name": "__get__OrganizationDomains"
                },
                "Organization@prototype@__destroyById__OrganizationDomains": {
                    "operationId": "Organization@prototype@__destroyById__OrganizationDomains",
                    "roles": [
                        "$instanceowner",
                        "$orgowner"
                    ],
                    "verb": "delete",
                    "name": "__destroyById__OrganizationDomains"
                },
                "Organization@prototype@__create__OrganizationDomains": {
                    "operationId": "Organization@prototype@__create__OrganizationDomains",
                    "roles": [
                        "$instanceowner",
                        "$orgowner"
                    ],
                    "verb": "post",
                    "name": "__create__OrganizationDomains"
                },
                "Organization@hardDeleteById": {
                    "operationId": "Organization@hardDeleteById",
                    "roles": [
                        "$instanceowner"
                    ],
                    "verb": "delete",
                    "name": "hardDeleteById"
                },
                "Organization@undeleteById": {
                    "operationId": "Organization@undeleteById",
                    "roles": [
                        "$instanceowner"
                    ],
                    "verb": "post",
                    "name": "undeleteById"
                },
                "Organization@deleteOrganizationById": {
                    "operationId": "Organization@deleteOrganizationById",
                    "roles": [
                        "$instanceowner"
                    ],
                    "verb": "delete",
                    "name": "deleteOrganizationById"
                },
                "Organization@prototype@updateAttributes__patch_Organizations_{id}": {
                    "operationId": "Organization@prototype@updateAttributes__patch_Organizations_{id}",
                    "roles": [
                        "$instanceowner",
                        "$orgowner"
                    ],
                    "verb": "patch",
                    "name": "updateAttributes"
                },
                "Organization@prototype@updateAttributes__put_Organizations_{id}": {
                    "operationId": "Organization@prototype@updateAttributes__put_Organizations_{id}",
                    "roles": [
                        "$instanceowner",
                        "$orgowner"
                    ],
                    "verb": "put",
                    "name": "updateAttributes"
                },
                "Organization@listUsers": {
                    "operationId": "Organization@listUsers",
                    "roles": [
                        "$instanceowner"
                    ],
                    "verb": "get",
                    "name": "list"
                },
                "Organization@list": {
                    "operationId": "Organization@list",
                    "roles": [
                        "$authenticated"
                    ],
                    "verb": "get",
                    "name": "list"
                },
                "Organization@jsonSchema": {
                    "operationId": "Organization@jsonSchema",
                    "roles": [
                        "$authenticated"
                    ],
                    "verb": "get",
                    "name": "jsonSchema"
                },
                "Organization@createOrganization": {
                    "operationId": "Organization@createOrganization",
                    "roles": [
                        "$instanceowner"
                    ],
                    "verb": "post",
                    "name": "createOrganization"
                },
                "Organization@findById": {
                    "operationId": "Organization@findById",
                    "roles": [
                        "$authenticated"
                    ],
                    "verb": "get",
                    "name": "findById"
                },
                "Organization@find": {
                    "operationId": "Organization@find",
                    "roles": [
                        "$authenticated"
                    ],
                    "verb": "get",
                    "name": "find"
                }
            },
            "categories": {
                "delete": {
                    "categoryName": "delete",
                    "roles": []
                },
                "update": {
                    "categoryName": "update",
                    "roles": []
                },
                "read": {
                    "categoryName": "read",
                    "roles": []
                },
                "create": {
                    "categoryName": "create",
                    "roles": []
                }
            }
        },
        "tags": [],
        "disabledAPI": [],
        "_v": 1,
        "relatedTo": [],
        "acls": [
            {
                "property": "*",
                "permission": "ALLOW",
                "principalId": "$authenticated",
                "principalType": "ROLE",
                "accessType": "*"
            }
        ]
    },
    {
        "_id": "S170h11tzD",
        "deploymentVersion": 1,
        "name": "jobDetail",
        "plural": "jobDetails",
        "properties": {
            "modifiedDate": {
                "defaultVal": "",
                "displayInView": true,
                "index": false,
                "system": true,
                "id": false,
                "propertyName": "modifiedDate",
                "isArray": false,
                "type": "Date",
                "label": "",
                "required": "on"
            },
            "createdDate": {
                "defaultVal": "",
                "displayInView": true,
                "index": false,
                "system": true,
                "id": false,
                "propertyName": "createdDate",
                "isArray": false,
                "type": "Date",
                "label": "",
                "required": "on"
            },
            "endRecordId": {
                "defaultVal": "",
                "displayInView": true,
                "index": false,
                "system": true,
                "id": false,
                "propertyName": "endRecordId",
                "isArray": false,
                "type": "string",
                "label": "",
                "required": false
            },
            "startRecordId": {
                "defaultVal": "",
                "displayInView": true,
                "index": false,
                "system": true,
                "id": false,
                "propertyName": "startRecordId",
                "isArray": false,
                "type": "string",
                "label": "",
                "required": false
            },
            "processStatus": {
                "defaultVal": "",
                "displayInView": true,
                "index": false,
                "system": true,
                "id": false,
                "propertyName": "processStatus",
                "isArray": false,
                "type": "string",
                "label": "",
                "required": "on"
            },
            "modelName": {
                "system": true,
                "defaultVal": "",
                "displayInView": true,
                "index": false,
                "id": false,
                "propertyName": "modelName",
                "isArray": false,
                "type": "string",
                "label": "",
                "required": false
            },
            "modelPluralName": {
                "defaultVal": "",
                "displayInView": true,
                "index": false,
                "system": true,
                "id": false,
                "propertyName": "modelId",
                "isArray": false,
                "type": "string",
                "label": "",
                "required": "on"
            },
            "modelId": {
                "defaultVal": "",
                "displayInView": true,
                "index": false,
                "system": true,
                "id": false,
                "propertyName": "modelId",
                "isArray": false,
                "type": "string",
                "label": "",
                "required": "on"
            },
            "mappingId": {
                "defaultVal": "",
                "displayInView": true,
                "index": false,
                "system": true,
                "id": false,
                "propertyName": "mappingId",
                "isArray": false,
                "type": "string",
                "label": "",
                "required": false
            },
            "fileName": {
                "defaultVal": "",
                "displayInView": true,
                "index": false,
                "system": true,
                "id": false,
                "propertyName": "fileName",
                "isArray": false,
                "type": "string",
                "label": "",
                "required": "on"
            },
            "userId": {
                "defaultVal": "",
                "displayInView": true,
                "index": false,
                "system": true,
                "id": false,
                "propertyName": "userId",
                "isArray": false,
                "type": "string",
                "label": "",
                "required": "on"
            },
            "jobType": {
                "defaultVal": "Import Data",
                "displayInView": true,
                "index": false,
                "id": false,
                "system": true,
                "propertyName": "jobType",
                "isArray": false,
                "type": "string",
                "label": "",
                "required": "on"
            },
            "id": {
                "defaultVal": "",
                "displayInView": true,
                "builtIn": true,
                "index": true,
                "id": true,
                "propertyName": "id",
                "isArray": false,
                "type": "string",
                "label": "",
                "required": true
            }
        },
        "persistedModel": true,
        "_doctype": "Model",
        "backendId": "r1A31yYMv",
        "dataSource": "mongoDb",
        "system": true,
        "_deleted": false,
        "_createdAt": "2020-08-18T04:57:26.198Z",
        "_modifiedAt": "2020-08-18T04:57:26.198Z",
        "_lv": 0,
        "strict": false,
        "mixins": {
            "TenantMixin": true,
            "Deletemixin": {
                "softDelete": true
            }
        },
        "permissions": {
            "apis": {
                "jobDetail@hardDeleteAll": {
                    "operationId": "jobDetail@hardDeleteAll",
                    "roles": [
                        "$orguser"
                    ],
                    "verb": "delete",
                    "name": "hardDeleteAll"
                },
                "jobDetail@deleteJob": {
                    "operationId": "jobDetail@deleteJob",
                    "roles": [
                        "$orguser"
                    ],
                    "verb": "delete",
                    "name": "deleteJob"
                },
                "jobDetail@hardDeleteById": {
                    "operationId": "jobDetail@hardDeleteById",
                    "roles": [
                        "$orguser"
                    ],
                    "verb": "delete",
                    "name": "hardDeleteById"
                },
                "jobDetail@scheduleApi": {
                    "operationId": "jobDetail@scheduleApi",
                    "roles": [
                        "$orguser"
                    ],
                    "verb": "post",
                    "name": "scheduleApi"
                },
                "jobDetail@importData": {
                    "operationId": "jobDetail@importData",
                    "roles": [
                        "$orguser"
                    ],
                    "verb": "post",
                    "name": "importData"
                }
            },
            "categories": {
                "delete": {
                    "categoryName": "delete",
                    "roles": [
                        "$orguser"
                    ]
                },
                "update": {
                    "categoryName": "update",
                    "roles": [
                        "$orguser"
                    ]
                },
                "read": {
                    "categoryName": "read",
                    "roles": [
                        "$orguser"
                    ]
                },
                "create": {
                    "categoryName": "create",
                    "roles": [
                        "$orguser"
                    ]
                }
            }
        },
        "tags": [],
        "disabledAPI": [],
        "_v": 1,
        "relatedTo": [],
        "acls": [
            {
                "property": "*",
                "permission": "ALLOW",
                "principalId": "$authenticated",
                "principalType": "ROLE",
                "accessType": "*"
            }
        ]
    },
    {
        "_id": "SkVChy1FzP",
        "deploymentVersion": 1,
        "name": "Connection",
        "plural": "Connections",
        "properties": {
            "orgId": {
                "type": "number",
                "propertyName": "orgId",
                "system": true,
                "label": "orgId",
                "id": false,
                "displayInView": true,
                "description": ""
            },
            "MetaData": {
                "defaultVal": "",
                "displayInView": true,
                "index": false,
                "id": false,
                "system": true,
                "propertyName": "MetaData",
                "isArray": false,
                "type": "Object",
                "label": ""
            },
            "AccessType": {
                "defaultVal": "private",
                "displayInView": true,
                "index": false,
                "id": false,
                "system": true,
                "propertyName": "AccessType",
                "isArray": false,
                "type": "string",
                "label": ""
            },
            "CreatorId": {
                "defaultVal": "",
                "displayInView": true,
                "index": false,
                "id": false,
                "system": true,
                "propertyName": "CreatorId",
                "isArray": false,
                "type": "string",
                "label": ""
            },
            "CreatorName": {
                "defaultVal": "",
                "displayInView": true,
                "index": false,
                "id": false,
                "system": true,
                "propertyName": "CreatorName",
                "isArray": false,
                "type": "string",
                "label": ""
            },
            "ProfileId": {
                "defaultVal": "",
                "displayInView": true,
                "index": false,
                "id": false,
                "system": true,
                "propertyName": "ProfileId",
                "isArray": false,
                "type": "string",
                "label": ""
            },
            "ProfileName": {
                "defaultVal": "",
                "displayInView": true,
                "index": false,
                "id": false,
                "system": true,
                "propertyName": "ProfileName",
                "isArray": false,
                "type": "string",
                "label": ""
            },
            "Status": {
                "defaultVal": "",
                "displayInView": true,
                "index": false,
                "id": false,
                "system": true,
                "propertyName": "Status",
                "isArray": false,
                "type": "string",
                "label": ""
            },
            "ServiceId": {
                "defaultVal": "",
                "displayInView": true,
                "index": false,
                "id": false,
                "system": true,
                "propertyName": "ServiceId",
                "isArray": false,
                "type": "string",
                "label": ""
            },
            "OwnerId": {
                "defaultVal": "",
                "displayInView": true,
                "index": false,
                "id": false,
                "system": true,
                "propertyName": "OwnerId",
                "isArray": false,
                "type": "string",
                "label": ""
            },
            "id": {
                "defaultVal": "",
                "displayInView": true,
                "builtIn": true,
                "index": true,
                "id": true,
                "propertyName": "id",
                "isArray": false,
                "type": "string",
                "label": "id",
                "required": true
            }
        },
        "persistedModel": true,
        "_doctype": "Model",
        "backendId": "r1A31yYMv",
        "dataSource": "mongoDb",
        "system": true,
        "_deleted": false,
        "_createdAt": "2020-08-18T04:57:26.198Z",
        "_modifiedAt": "2020-08-18T04:57:26.198Z",
        "_lv": 0,
        "strict": true,
        "mixins": {
            "Disableapi": {
                "disabledAPIs": []
            },
            "DeleteCascadeMixin": {
                "relations": []
            },
            "TenantMixin": true,
            "TrackChanges": false,
            "Deletemixin": {
                "softDelete": true
            }
        },
        "permissions": {
            "categories": {
                "delete": {
                    "categoryName": "delete",
                    "roles": [
                        "$authenticated"
                    ]
                },
                "update": {
                    "categoryName": "update",
                    "roles": [
                        "$authenticated"
                    ]
                },
                "read": {
                    "categoryName": "read",
                    "roles": [
                        "$authenticated"
                    ]
                },
                "create": {
                    "categoryName": "create",
                    "roles": [
                        "$authenticated"
                    ]
                }
            }
        },
        "tags": [],
        "disabledAPI": [],
        "_v": 1,
        "relatedTo": [],
        "acls": [
            {
                "property": "*",
                "permission": "ALLOW",
                "principalId": "$authenticated",
                "principalType": "ROLE",
                "accessType": "*"
            }
        ]
    },
    {
        "_id": "rkHA2kkYzw",
        "deploymentVersion": 1,
        "name": "User",
        "plural": "users",
        "properties": {
            "status": {
                "defaultVal": "",
                "displayInView": true,
                "builtIn": true,
                "propertyName": "status",
                "isArray": false,
                "type": "string",
                "label": ""
            },
            "picture": {
                "defaultVal": "",
                "displayInView": true,
                "builtIn": true,
                "propertyName": "picture",
                "isArray": false,
                "type": "string",
                "label": ""
            },
            "phone": {
                "defaultVal": "",
                "displayInView": true,
                "builtIn": true,
                "propertyName": "phone",
                "isArray": false,
                "type": "string",
                "label": ""
            },
            "language": {
                "defaultVal": "",
                "displayInView": true,
                "builtIn": true,
                "propertyName": "language",
                "isArray": false,
                "type": "string",
                "label": ""
            },
            "timezone": {
                "defaultVal": "",
                "displayInView": true,
                "builtIn": true,
                "propertyName": "timezone",
                "isArray": false,
                "type": "Object",
                "label": ""
            },
            "modifiedDate": {
                "defaultVal": "",
                "displayInView": true,
                "builtIn": true,
                "propertyName": "modifiedDate",
                "isArray": false,
                "type": "string",
                "label": ""
            },
            "createdDate": {
                "defaultVal": "",
                "displayInView": true,
                "builtIn": true,
                "propertyName": "createdDate",
                "isArray": false,
                "type": "string",
                "label": ""
            },
            "name": {
                "defaultVal": "",
                "displayInView": true,
                "builtIn": true,
                "propertyName": "name",
                "isArray": false,
                "type": "string",
                "label": ""
            },
            "email": {
                "required": true,
                "defaultVal": "",
                "displayInView": true,
                "builtIn": true,
                "propertyName": "email",
                "isArray": false,
                "type": "string",
                "label": ""
            },
            "username": {
                "defaultVal": "",
                "displayInView": true,
                "builtIn": true,
                "propertyName": "username",
                "isArray": false,
                "type": "string",
                "label": ""
            },
            "id": {
                "defaultVal": "",
                "displayInView": true,
                "builtIn": true,
                "index": true,
                "id": true,
                "propertyName": "id",
                "isArray": false,
                "type": "string",
                "label": "",
                "required": true
            }
        },
        "persistedModel": true,
        "_doctype": "Model",
        "backendId": "r1A31yYMv",
        "dataSource": "mongoDb",
        "builtIn": true,
        "_deleted": false,
        "_createdAt": "2020-08-18T04:57:26.199Z",
        "_modifiedAt": "2020-08-18T04:57:26.199Z",
        "_lv": 0,
        "strict": true,
        "mixins": {
            "StringIdGenerationMixin": true,
            "Deletemixin": {
                "softDelete": true
            }
        },
        "permissions": {
            "apis": {
                "User@prototype@__create__AccessKey": {
                    "name": "__create__AccessKey",
                    "verb": "post",
                    "roles": [
                        "$instanceowner",
                        "$owner"
                    ],
                    "operationId": "User@prototype@__create__AccessKey"
                },
                "User@findById": {
                    "operationId": "User@findById",
                    "roles": [
                        "$owner",
                        "$instanceowner"
                    ],
                    "verb": "get",
                    "name": "findById"
                },
                "User@prototype@__findById__AccessKey": {
                    "operationId": "User@prototype@__findById__AccessKey",
                    "roles": [
                        "$owner",
                        "$instanceowner"
                    ],
                    "verb": "get",
                    "name": "__findById__AccessKey"
                },
                "User@prototype@__get__AccessKey": {
                    "operationId": "User@prototype@__get__AccessKey",
                    "roles": [
                        "$owner",
                        "$instanceowner"
                    ],
                    "verb": "get",
                    "name": "__get__AccessKey"
                },
                "User@me": {
                    "operationId": "User@me",
                    "roles": [
                        "$authenticated"
                    ],
                    "verb": "get",
                    "name": "me"
                },
                "User@prototype@__destroyById__AccessKey": {
                    "operationId": "User@prototype@__destroyById__AccessKey",
                    "roles": [
                        "$owner",
                        "$instanceowner"
                    ],
                    "verb": "delete",
                    "name": "__destroyById__AccessKey"
                },
                "User@prototype@__delete__AccessKey": {
                    "operationId": "User@prototype@__delete__AccessKey",
                    "roles": [
                        "$owner"
                    ],
                    "verb": "delete",
                    "name": "__delete__AccessKey"
                }
            },
            "categories": {
                "delete": {
                    "categoryName": "delete",
                    "roles": [
                        "$instanceowner"
                    ]
                },
                "update": {
                    "categoryName": "update",
                    "roles": [
                        "$owner",
                        "$instanceowner"
                    ]
                },
                "read": {
                    "categoryName": "read",
                    "roles": [
                        "$instanceowner"
                    ]
                },
                "create": {
                    "categoryName": "create",
                    "roles": [
                        "$instanceowner"
                    ]
                }
            }
        },
        "tags": [],
        "disabledAPI": [],
        "_v": 1,
        "relatedTo": [],
        "acls": [
            {
                "property": "*",
                "permission": "ALLOW",
                "principalId": "$authenticated",
                "principalType": "ROLE",
                "accessType": "*"
            }
        ]
    },
    {
        "_id": "SJ-Cn1JYGD",
        "deploymentVersion": 1,
        "name": "Workflow",
        "plural": "Workflows",
        "properties": {
            "orgId": {
                "type": "number",
                "propertyName": "orgId",
                "system": true,
                "label": "orgId",
                "id": false,
                "displayInView": true,
                "description": ""
            },
            "XML": {
                "defaultVal": "",
                "displayInView": true,
                "index": false,
                "id": false,
                "system": true,
                "propertyName": "XML",
                "isArray": false,
                "type": "string",
                "label": ""
            },
            "Description": {
                "defaultVal": "",
                "displayInView": true,
                "index": false,
                "id": false,
                "system": true,
                "propertyName": "Description",
                "isArray": false,
                "type": "string",
                "label": ""
            },
            "DeploymentId": {
                "defaultVal": "",
                "displayInView": true,
                "index": false,
                "id": false,
                "system": true,
                "propertyName": "DeploymentId",
                "isArray": false,
                "type": "string",
                "label": ""
            },
            "Key": {
                "defaultVal": "",
                "displayInView": true,
                "index": false,
                "id": false,
                "system": true,
                "propertyName": "Key",
                "isArray": false,
                "type": "string",
                "label": ""
            },
            "Name": {
                "defaultVal": "",
                "displayInView": true,
                "index": false,
                "id": false,
                "system": true,
                "propertyName": "Name",
                "isArray": false,
                "type": "string",
                "label": ""
            },
            "id": {
                "defaultVal": "",
                "displayInView": true,
                "builtIn": true,
                "index": true,
                "id": true,
                "propertyName": "id",
                "isArray": false,
                "type": "string",
                "label": "id",
                "required": true
            }
        },
        "persistedModel": true,
        "_doctype": "Model",
        "backendId": "r1A31yYMv",
        "dataSource": "mongoDb",
        "system": true,
        "_deleted": false,
        "_createdAt": "2020-08-18T04:57:26.192Z",
        "_modifiedAt": "2020-08-18T04:57:26.192Z",
        "_lv": 0,
        "strict": true,
        "mixins": {
            "Disableapi": {
                "disabledAPIs": []
            },
            "DeleteCascadeMixin": {
                "relations": []
            },
            "TenantMixin": true,
            "TrackChanges": false,
            "Deletemixin": {
                "softDelete": true
            }
        },
        "permissions": {
            "categories": {
                "delete": {
                    "categoryName": "delete",
                    "roles": [
                        "$authenticated"
                    ]
                },
                "update": {
                    "categoryName": "update",
                    "roles": [
                        "$authenticated"
                    ]
                },
                "read": {
                    "categoryName": "read",
                    "roles": [
                        "$authenticated"
                    ]
                },
                "create": {
                    "categoryName": "create",
                    "roles": [
                        "$authenticated"
                    ]
                }
            }
        },
        "tags": [],
        "disabledAPI": [],
        "_v": 1,
        "relatedTo": [],
        "acls": [
            {
                "property": "*",
                "permission": "ALLOW",
                "principalId": "$authenticated",
                "principalType": "ROLE",
                "accessType": "*"
            }
        ]
    },
    {
        "_id": "rk8A31kFGv",
        "deploymentVersion": 1,
        "name": "Attachment",
        "plural": "Attachments",
        "properties": {
            "encoding": {
                "defaultVal": "",
                "displayInView": true,
                "index": false,
                "id": false,
                "system": true,
                "propertyName": "encoding",
                "isArray": false,
                "type": "string",
                "label": ""
            },
            "size": {
                "defaultVal": "",
                "displayInView": true,
                "index": false,
                "id": false,
                "system": true,
                "propertyName": "size",
                "isArray": false,
                "type": "number",
                "label": ""
            },
            "contentType": {
                "defaultVal": "",
                "displayInView": true,
                "index": false,
                "id": false,
                "system": true,
                "propertyName": "contentType",
                "isArray": false,
                "type": "string",
                "label": ""
            },
            "fileName": {
                "defaultVal": "",
                "displayInView": true,
                "index": false,
                "id": false,
                "system": true,
                "propertyName": "fileName",
                "isArray": false,
                "type": "string",
                "label": ""
            },
            "id": {
                "defaultVal": "",
                "displayInView": true,
                "builtIn": true,
                "index": true,
                "id": true,
                "propertyName": "id",
                "isArray": false,
                "type": "string",
                "label": "",
                "required": true
            }
        },
        "persistedModel": true,
        "_doctype": "Model",
        "backendId": "r1A31yYMv",
        "dataSource": "mongoDb",
        "system": true,
        "_deleted": false,
        "_createdAt": "2020-08-18T04:57:26.200Z",
        "_modifiedAt": "2020-08-18T04:57:26.200Z",
        "_lv": 0,
        "strict": true,
        "mixins": {
            "TenantMixin": true,
            "Deletemixin": {
                "softDelete": true
            }
        },
        "permissions": {
            "categories": {
                "delete": {
                    "categoryName": "delete",
                    "roles": [
                        "$orguser"
                    ]
                },
                "update": {
                    "categoryName": "update",
                    "roles": [
                        "$orguser"
                    ]
                },
                "read": {
                    "categoryName": "read",
                    "roles": [
                        "$orguser"
                    ]
                },
                "create": {
                    "categoryName": "create",
                    "roles": [
                        "$orguser"
                    ]
                }
            }
        },
        "tags": [],
        "disabledAPI": [],
        "_v": 1,
        "relatedTo": [],
        "acls": [
            {
                "permission": "ALLOW",
                "principalId": "$owner",
                "principalType": "ROLE",
                "accessType": "*"
            }
        ]
    },
    {
        "_id": "B1w03yyYMP",
        "deploymentVersion": 1,
        "name": "s3ObjectRoleMapping",
        "plural": "s3ObjectRoleMapping",
        "properties": {
            "principals": {
                "system": true,
                "type": "Object"
            },
            "resource": {
                "system": true,
                "type": "string"
            },
            "id": {
                "required": true,
                "id": true,
                "type": "string",
                "index": true
            }
        },
        "persistedModel": true,
        "_doctype": "Model",
        "backendId": "r1A31yYMv",
        "dataSource": "mongoDb",
        "system": true,
        "_deleted": false,
        "_createdAt": "2020-08-18T04:57:26.202Z",
        "_modifiedAt": "2020-08-18T04:57:26.202Z",
        "_lv": 0,
        "strict": false,
        "mixins": {
            "Deletemixin": {
                "softDelete": true
            }
        },
        "permissions": {
            "categories": {
                "delete": {
                    "categoryName": "delete",
                    "roles": [
                        "$authenticated"
                    ]
                },
                "update": {
                    "categoryName": "update",
                    "roles": [
                        "$authenticated"
                    ]
                },
                "read": {
                    "categoryName": "read",
                    "roles": [
                        "$authenticated"
                    ]
                },
                "create": {
                    "categoryName": "create",
                    "roles": [
                        "$authenticated"
                    ]
                }
            }
        },
        "tags": [],
        "disabledAPI": [],
        "_v": 1,
        "relatedTo": [],
        "acls": [
            {
                "permission": "DENY",
                "principalId": "$everyone",
                "principalType": "ROLE",
                "accessType": "*"
            },
            {
                "property": "*",
                "permission": "ALLOW",
                "principalId": "$authenticated",
                "principalType": "ROLE",
                "accessType": "*"
            }
        ]
    },
    {
        "_id": "Byu0hkJFzw",
        "deploymentVersion": 1,
        "name": "OrganizationDomain",
        "plural": "OrganizationDomains",
        "properties": {
            "orgId": {
                "type": "String"
            },
            "modifiedDate": {
                "type": "Date"
            },
            "createdDate": {
                "type": "Date"
            },
            "modifiedBy": {
                "type": "String"
            },
            "createdBy": {
                "type": "String"
            },
            "domain": {
                "index": true,
                "required": true,
                "id": true,
                "type": "String"
            }
        },
        "persistedModel": true,
        "_doctype": "Model",
        "backendId": "r1A31yYMv",
        "dataSource": "mongoDb",
        "system": true,
        "_deleted": false,
        "_createdAt": "2020-08-18T04:57:26.203Z",
        "_modifiedAt": "2020-08-18T04:57:26.203Z",
        "_lv": 0,
        "strict": true,
        "mixins": {
            "Deletemixin": {
                "softDelete": true
            }
        },
        "permissions": {
            "categories": {
                "delete": {
                    "categoryName": "delete",
                    "roles": [
                        "$authenticated"
                    ]
                },
                "update": {
                    "categoryName": "update",
                    "roles": [
                        "$authenticated"
                    ]
                },
                "read": {
                    "categoryName": "read",
                    "roles": [
                        "$authenticated"
                    ]
                },
                "create": {
                    "categoryName": "create",
                    "roles": [
                        "$authenticated"
                    ]
                }
            }
        },
        "tags": [],
        "disabledAPI": [],
        "_v": 1,
        "relatedTo": [],
        "acls": [
            {
                "property": "*",
                "permission": "ALLOW",
                "principalId": "$authenticated",
                "principalType": "ROLE",
                "accessType": "*"
            }
        ]
    },
    {
        "_id": "Bkc02ykFGw",
        "deploymentVersion": 1,
        "name": "AccessKey",
        "plural": "AccessKeys",
        "properties": {
            "expiresat": {
                "system": true,
                "required": false,
                "type": "date"
            },
            "accesssecret": {
                "system": true,
                "proptype": "user_defined",
                "description": "accesssecret",
                "id": false,
                "type": "string",
                "minLength": 0,
                "label": "accesssecret",
                "index": true,
                "isArray": false,
                "displayInView": true,
                "maxLength": 0,
                "regExp": "",
                "useDefaultValCheck": false,
                "propertyName": "accesssecret",
                "defaultVal": ""
            },
            "accesskey": {
                "system": true,
                "proptype": "user_defined",
                "description": "",
                "id": false,
                "type": "string",
                "minLength": 0,
                "label": "accesskey",
                "index": true,
                "isArray": false,
                "displayInView": true,
                "maxLength": 0,
                "regExp": "",
                "useDefaultValCheck": false,
                "propertyName": "accesskey",
                "defaultVal": ""
            },
            "id": {
                "description": "",
                "id": true,
                "type": "string",
                "minLength": 0,
                "label": "id",
                "index": true,
                "isArray": false,
                "system": true,
                "displayInView": true,
                "maxLength": 0,
                "strict": true,
                "regExp": "",
                "propertyName": "id",
                "defaultVal": ""
            }
        },
        "persistedModel": true,
        "_doctype": "Model",
        "backendId": "r1A31yYMv",
        "dataSource": "mongoDb",
        "system": true,
        "_deleted": false,
        "_createdAt": "2020-08-18T04:57:26.204Z",
        "_modifiedAt": "2020-08-18T04:57:26.204Z",
        "_lv": 0,
        "strict": false,
        "mixins": {
            "Deletemixin": {
                "softDelete": true
            }
        },
        "permissions": {
            "categories": {
                "delete": {
                    "categoryName": "delete",
                    "roles": [
                        "$instanceowner"
                    ]
                },
                "update": {
                    "categoryName": "update",
                    "roles": [
                        "$instanceowner"
                    ]
                },
                "read": {
                    "categoryName": "read",
                    "roles": [
                        "$instanceowner"
                    ]
                },
                "create": {
                    "categoryName": "create",
                    "roles": [
                        "$instanceowner"
                    ]
                }
            }
        },
        "tags": [],
        "disabledAPI": [],
        "_v": 1,
        "relatedTo": [],
        "acls": [
            {
                "permission": "DENY",
                "principalId": "$everyone",
                "principalType": "ROLE",
                "accessType": "*"
            },
            {
                "property": "*",
                "principalId": "$instanceowner",
                "accessType": "EXECUTE",
                "permission": "ALLOW",
                "principalType": "ROLE"
            },
            {
                "property": [
                    "verifySignatureV2",
                    "verifySignatureV4",
                    "getCanonicalIds",
                    "getEmailAddresses"
                ],
                "principalId": "$everyone",
                "accessType": "EXECUTE",
                "permission": "ALLOW",
                "principalType": "ROLE"
            }
        ]
    },
    {
        "_id": "rktR21kYfP",
        "deploymentVersion": 1,
        "name": "Rule",
        "plural": "Rules",
        "properties": {
            "ModelSchema": {
                "defaultVal": "",
                "displayInView": true,
                "index": false,
                "id": false,
                "system": true,
                "propertyName": "ModelSchema",
                "isArray": false,
                "type": "Object",
                "label": ""
            },
            "ModelName": {
                "defaultVal": "",
                "displayInView": true,
                "index": false,
                "id": false,
                "system": true,
                "propertyName": "ModelName",
                "isArray": false,
                "type": "string",
                "label": ""
            },
            "MetaData": {
                "defaultVal": "",
                "displayInView": true,
                "index": false,
                "id": false,
                "system": true,
                "propertyName": "MetaData",
                "isArray": false,
                "type": "Object",
                "label": ""
            },
            "CreatorId": {
                "defaultVal": "",
                "displayInView": true,
                "index": false,
                "id": false,
                "system": true,
                "propertyName": "CreatorId",
                "isArray": false,
                "type": "string",
                "label": ""
            },
            "CreatorName": {
                "defaultVal": "",
                "displayInView": true,
                "index": false,
                "id": false,
                "system": true,
                "propertyName": "CreatorName",
                "isArray": false,
                "type": "string",
                "label": ""
            },
            "Name": {
                "defaultVal": "",
                "displayInView": true,
                "index": false,
                "id": false,
                "system": true,
                "propertyName": "Name",
                "isArray": false,
                "type": "string",
                "label": ""
            },
            "Rule": {
                "defaultVal": "",
                "displayInView": true,
                "index": false,
                "id": false,
                "system": true,
                "propertyName": "Rule",
                "isArray": false,
                "type": "string",
                "label": ""
            },
            "id": {
                "defaultVal": "",
                "displayInView": true,
                "builtIn": true,
                "index": true,
                "id": true,
                "propertyName": "id",
                "isArray": false,
                "type": "string",
                "label": "id",
                "required": true
            }
        },
        "persistedModel": true,
        "_doctype": "Model",
        "backendId": "r1A31yYMv",
        "dataSource": "mongoDb",
        "system": true,
        "_deleted": false,
        "_createdAt": "2020-08-18T04:57:26.204Z",
        "_modifiedAt": "2020-08-18T04:57:26.204Z",
        "_lv": 0,
        "strict": true,
        "mixins": {
            "Deletemixin": {
                "softDelete": true
            }
        },
        "permissions": {
            "categories": {
                "delete": {
                    "categoryName": "delete",
                    "roles": [
                        "$authenticated"
                    ]
                },
                "update": {
                    "categoryName": "update",
                    "roles": [
                        "$authenticated"
                    ]
                },
                "read": {
                    "categoryName": "read",
                    "roles": [
                        "$authenticated"
                    ]
                },
                "create": {
                    "categoryName": "create",
                    "roles": [
                        "$authenticated"
                    ]
                }
            }
        },
        "tags": [],
        "disabledAPI": [],
        "_v": 1,
        "relatedTo": [],
        "acls": [
            {
                "property": "*",
                "permission": "ALLOW",
                "principalId": "$authenticated",
                "principalType": "ROLE",
                "accessType": "*"
            }
        ]
    },
    {
        "_id": "r1jbay1YMv",
        "name": "$everyone",
        "type": "check",
        "resolver": "function $everyone(role, context) {  return '';  }",
        "backendId": "r1A31yYMv",
        "_doctype": "Role",
        "_lv": 1,
        "displayName": "",
        "_modifiedAt": "2020-08-17T15:41:20.469Z",
        "_createdAt": "2020-08-17T15:41:20.469Z",
        "_deleted": false
    },
    {
        "_id": "HJBZa11Kfv",
        "name": "Owner",
        "type": "role",
        "backendId": "r1A31yYMv",
        "_doctype": "Role",
        "_lv": 1,
        "displayName": "",
        "_modifiedAt": "2020-08-17T15:41:20.469Z",
        "_createdAt": "2020-08-17T15:41:20.469Z",
        "_deleted": false
    },
    {
        "_id": "rJP-aJkKfD",
        "name": "Public",
        "type": "role",
        "backendId": "r1A31yYMv",
        "_doctype": "Role",
        "_lv": 1,
        "displayName": "",
        "_modifiedAt": "2020-08-17T15:41:20.469Z",
        "_createdAt": "2020-08-17T15:41:20.469Z",
        "_deleted": false
    },
    {
        "_id": "S1KZTkkFzv",
        "name": "$authenticated",
        "type": "check",
        "resolver": "function $authenticated(role, context) {  return '';  }",
        "backendId": "r1A31yYMv",
        "_doctype": "Role",
        "_lv": 1,
        "displayName": "",
        "_modifiedAt": "2020-08-17T15:41:20.469Z",
        "_createdAt": "2020-08-17T15:41:20.469Z",
        "_deleted": false
    },
    {
        "_id": "rkO-akkKzD",
        "name": "$owner",
        "type": "check",
        "resolver": "function $owner(role, context) {  return '';  }",
        "backendId": "r1A31yYMv",
        "_doctype": "Role",
        "_lv": 1,
        "displayName": "",
        "_modifiedAt": "2020-08-17T15:41:20.469Z",
        "_createdAt": "2020-08-17T15:41:20.469Z",
        "_deleted": false
    },
    {
        "_id": "r1IZpk1KGv",
        "name": "Admin",
        "type": "role",
        "backendId": "r1A31yYMv",
        "_doctype": "Role",
        "_lv": 1,
        "displayName": "",
        "_modifiedAt": "2020-08-17T15:41:20.469Z",
        "_createdAt": "2020-08-17T15:41:20.469Z",
        "_deleted": false
    },
    {
        "_id": "rycWTJ1YGw",
        "name": "$unauthenticated",
        "type": "check",
        "resolver": "function $unauthenticated(role, context) {  return '';  }",
        "backendId": "r1A31yYMv",
        "_doctype": "Role",
        "_lv": 1,
        "displayName": "",
        "_modifiedAt": "2020-08-17T15:41:20.469Z",
        "_createdAt": "2020-08-17T15:41:20.469Z",
        "_deleted": false
    },
    {
        "_id": "B1gsB347v",
        "deploymentVersion": 2,
        "name": "Offer",
        "plural": "Offers",
        "properties": {
            "orgId": {
                "required": true,
                "description": "",
                "id": false,
                "type": "number",
                "label": "orgId",
                "system": true,
                "displayInView": true,
                "propertyName": "orgId",
                "defaultVal": ""
            },
            "tryr": {
                "required": false,
                "createdBy": "adarshkumar@bitpod.io",
                "maxVal": null,
                "proptype": "user_defined",
                "description": "",
                "createdAt": 1598503012085,
                "id": false,
                "type": "number",
                "label": "tryr",
                "index": false,
                "minVal": null,
                "isArray": false,
                "displayInView": true,
                "regExp": "",
                "useDefaultValCheck": false,
                "propertyName": "tryr",
                "defaultVal": ""
            },
            "email": {
                "required": false,
                "createdBy": "adarshkumar@bitpod.io",
                "proptype": "user_defined",
                "description": "",
                "createdAt": 1598506135417,
                "id": false,
                "type": "string",
                "minLength": null,
                "label": "email",
                "index": false,
                "isArray": false,
                "displayInView": true,
                "maxLength": null,
                "regExp": "",
                "useDefaultValCheck": false,
                "propertyName": "email",
                "defaultVal": ""
            },
            "cxvx": {
                "required": false,
                "createdBy": "adarshkumar@bitpod.io",
                "proptype": "user_defined",
                "description": "",
                "createdAt": 1598859414016,
                "id": false,
                "type": "string",
                "minLength": null,
                "label": "cxvx",
                "index": false,
                "isArray": false,
                "displayInView": true,
                "maxLength": null,
                "regExp": "",
                "useDefaultValCheck": false,
                "propertyName": "cxvx",
                "defaultVal": ""
            },
            "dfgd": {
                "required": false,
                "createdBy": "adarshkumar@bitpod.io",
                "proptype": "user_defined",
                "description": "",
                "createdAt": 1598883161016,
                "id": false,
                "type": "string",
                "minLength": null,
                "label": "dfgd",
                "index": false,
                "isArray": false,
                "displayInView": true,
                "maxLength": null,
                "regExp": "",
                "useDefaultValCheck": false,
                "propertyName": "dfgd",
                "defaultVal": ""
            },
            "vcxv": {
                "required": false,
                "createdBy": "adarshkumar@bitpod.io",
                "proptype": "user_defined",
                "description": "",
                "createdAt": 1598883444005,
                "id": false,
                "type": "string",
                "minLength": null,
                "label": "vcxv",
                "index": false,
                "isArray": false,
                "displayInView": true,
                "maxLength": null,
                "regExp": "",
                "useDefaultValCheck": false,
                "propertyName": "vcxv",
                "defaultVal": ""
            },
            "id": {
                "required": false,
                "description": "",
                "id": true,
                "type": "string",
                "minLength": 0,
                "label": "id",
                "index": true,
                "isArray": false,
                "system": true,
                "displayInView": true,
                "maxLength": 0,
                "regExp": "",
                "propertyName": "id",
                "defaultVal": ""
            }
        },
        "persistedModel": true,
        "_doctype": "Model",
        "backendId": "r1A31yYMv",
        "dataSource": "mongoDb",
        "_deleted": false,
        "_createdAt": "2020-08-31T14:17:27.376Z",
        "_modifiedAt": "2020-08-31T14:17:27.376Z",
        "_lv": 0,
        "strict": true,
        "mixins": {
            "TenantMixin": true,
            "TrackChanges": false,
            "Deletemixin": {
                "softDelete": true
            }
        },
        "permissions": {
            "categories": {
                "delete": {
                    "roles": [
                        "$orguser"
                    ]
                },
                "read": {
                    "roles": [
                        "$orguser"
                    ]
                },
                "update": {
                    "roles": [
                        "$orguser"
                    ]
                },
                "create": {
                    "roles": [
                        "$orguser"
                    ]
                }
            }
        },
        "tags": [],
        "disabledAPI": [],
        "_v": 6,
        "relatedTo": [],
        "acls": [
            {
                "accessType": "*",
                "principalType": "ROLE",
                "principalId": "$authenticated",
                "permission": "ALLOW",
                "property": "*"
            }
        ],
        "relations": [
            {
                "cascadeDelete": true,
                "_createdAt": "2020-08-27T04:24:56.164Z",
                "_modifiedAt": "2020-08-27T04:24:56.164Z",
                "type": "belongsTo",
                "_deleted": false,
                "_id": "5f473598367220000daf2810",
                "_v": 1,
                "isForeignKeyAnArray": false,
                "deploymentVersion": 2,
                "backendId": "r1A31yYMv",
                "system": true,
                "foreignKey": "orgId",
                "_lv": 0,
                "participated_models": [
                    "Organization",
                    "Offer"
                ],
                "B": {
                    "modelName": "Offer",
                    "name": "myOrganization"
                },
                "A": {
                    "modelName": "Organization",
                    "name": ""
                }
            }
        ]
    },
    {
        "_id": "Bky03RNEP",
        "deploymentVersion": 8,
        "name": "singh",
        "plural": "singhs",
        "properties": {
            "orgId": {
                "required": true,
                "description": "",
                "id": false,
                "type": "number",
                "label": "orgId",
                "system": true,
                "displayInView": true,
                "propertyName": "orgId",
                "defaultVal": ""
            },
            "dssf": {
                "required": false,
                "createdBy": "adarshkumar@bitpod.io",
                "proptype": "user_defined",
                "description": "",
                "createdAt": 1599560909899,
                "id": false,
                "type": "string",
                "minLength": null,
                "label": "dssf",
                "index": false,
                "isArray": false,
                "displayInView": true,
                "maxLength": null,
                "regExp": "",
                "useDefaultValCheck": false,
                "propertyName": "dssf",
                "defaultVal": ""
            },
            "id": {
                "required": false,
                "description": "",
                "id": true,
                "type": "string",
                "minLength": 0,
                "label": "id",
                "index": true,
                "isArray": false,
                "system": true,
                "displayInView": true,
                "maxLength": 0,
                "regExp": "",
                "propertyName": "id",
                "defaultVal": ""
            }
        },
        "persistedModel": true,
        "_doctype": "Model",
        "backendId": "r1A31yYMv",
        "dataSource": "mongoDb",
        "_deleted": false,
        "_createdAt": "2020-09-08T10:28:32.834Z",
        "_modifiedAt": "2020-09-08T10:28:32.834Z",
        "_lv": 0,
        "strict": true,
        "mixins": {
            "TenantMixin": true,
            "TrackChanges": false,
            "Deletemixin": {
                "softDelete": true
            }
        },
        "permissions": {
            "categories": {
                "delete": {
                    "roles": [
                        "$orguser"
                    ]
                },
                "read": {
                    "roles": [
                        "$orguser"
                    ]
                },
                "update": {
                    "roles": [
                        "$orguser"
                    ]
                },
                "create": {
                    "roles": [
                        "$orguser"
                    ]
                }
            }
        },
        "tags": [],
        "disabledAPI": [],
        "_v": 1,
        "relatedTo": [],
        "acls": [
            {
                "accessType": "*",
                "principalType": "ROLE",
                "principalId": "$authenticated",
                "permission": "ALLOW",
                "property": "*"
            }
        ],
        "relations": [
            {
                "cascadeDelete": true,
                "_createdAt": "2020-09-08T10:28:23.591Z",
                "_modifiedAt": "2020-09-08T10:28:23.591Z",
                "type": "belongsTo",
                "_deleted": false,
                "_id": "5f575cc79668f4000dc522c4",
                "_v": 0,
                "isForeignKeyAnArray": false,
                "deploymentVersion": 8,
                "backendId": "r1A31yYMv",
                "system": true,
                "foreignKey": "orgId",
                "_lv": 1,
                "participated_models": [
                    "Organization",
                    "singh"
                ],
                "B": {
                    "modelName": "singh",
                    "name": "myOrganization"
                },
                "A": {
                    "modelName": "Organization",
                    "name": ""
                }
            }
        ]
    },
    {
        "_id": "rkMmSCBND",
        "deploymentVersion": 11,
        "name": "LifeOfPie",
        "plural": "LifeOfPies",
        "properties": {
            "id": {
                "type": "string",
                "required": false,
                "regExp": "",
                "propertyName": "id",
                "minLength": 0,
                "maxLength": 0,
                "system": true,
                "label": "id",
                "isArray": false,
                "index": true,
                "id": true,
                "displayInView": true,
                "description": "",
                "defaultVal": ""
            },
            "orgId": {
                "type": "number",
                "required": true,
                "propertyName": "orgId",
                "system": true,
                "label": "orgId",
                "id": false,
                "displayInView": true,
                "description": "",
                "defaultVal": ""
            }
        },
        "persistedModel": true,
        "_doctype": "Model",
        "backendId": "r1A31yYMv",
        "dataSource": "mongoDb",
        "_deleted": false,
        "_createdAt": "2020-09-09T04:07:54.041Z",
        "_modifiedAt": "2020-09-09T04:07:54.041Z",
        "_lv": 0,
        "strict": true,
        "mixins": {
            "TenantMixin": true,
            "TrackChanges": false,
            "Deletemixin": {
                "softDelete": true
            }
        },
        "permissions": {
            "categories": {
                "delete": {
                    "roles": [
                        "$orguser"
                    ]
                },
                "read": {
                    "roles": [
                        "$orguser"
                    ]
                },
                "update": {
                    "roles": [
                        "$orguser"
                    ]
                },
                "create": {
                    "roles": [
                        "$orguser"
                    ]
                }
            }
        },
        "tags": [],
        "disabledAPI": [],
        "_v": 1,
        "relatedTo": [],
        "acls": [
            {
                "property": "*",
                "permission": "ALLOW",
                "principalId": "$authenticated",
                "principalType": "ROLE",
                "accessType": "*"
            }
        ]
    },
    {
        "_id": "SkBNvxI4w",
        "deploymentVersion": 12,
        "name": "ModelZero",
        "plural": "ModelZeros",
        "properties": {
            "id": {
                "type": "string",
                "required": false,
                "regExp": "",
                "propertyName": "id",
                "minLength": 0,
                "maxLength": 0,
                "system": true,
                "label": "id",
                "isArray": false,
                "index": true,
                "id": true,
                "displayInView": true,
                "description": "",
                "defaultVal": ""
            },
            "orgId": {
                "type": "number",
                "required": true,
                "propertyName": "orgId",
                "system": true,
                "label": "orgId",
                "id": false,
                "displayInView": true,
                "description": "",
                "defaultVal": ""
            }
        },
        "persistedModel": true,
        "_doctype": "Model",
        "backendId": "r1A31yYMv",
        "dataSource": "mongoDb",
        "_deleted": false,
        "_createdAt": "2020-09-09T06:33:16.766Z",
        "_modifiedAt": "2020-09-09T06:33:16.766Z",
        "_lv": 0,
        "strict": true,
        "mixins": {
            "TenantMixin": true,
            "TrackChanges": false,
            "Deletemixin": {
                "softDelete": true
            }
        },
        "permissions": {
            "categories": {
                "delete": {
                    "roles": [
                        "$orguser"
                    ]
                },
                "read": {
                    "roles": [
                        "$orguser"
                    ]
                },
                "update": {
                    "roles": [
                        "$orguser"
                    ]
                },
                "create": {
                    "roles": [
                        "$orguser"
                    ]
                }
            }
        },
        "tags": [],
        "disabledAPI": [],
        "_v": 1,
        "relatedTo": [],
        "acls": [
            {
                "property": "*",
                "permission": "ALLOW",
                "principalId": "$authenticated",
                "principalType": "ROLE",
                "accessType": "*"
            }
        ]
    },
    {
        "_id": "SkbI5lLNv",
        "deploymentVersion": 13,
        "name": "ModelOne",
        "plural": "ModelOnes",
        "properties": {
            "id": {
                "type": "string",
                "required": false,
                "regExp": "",
                "propertyName": "id",
                "minLength": 0,
                "maxLength": 0,
                "system": true,
                "label": "id",
                "isArray": false,
                "index": true,
                "id": true,
                "displayInView": true,
                "description": "",
                "defaultVal": ""
            },
            "orgId": {
                "type": "number",
                "required": true,
                "propertyName": "orgId",
                "system": true,
                "label": "orgId",
                "id": false,
                "displayInView": true,
                "description": "",
                "defaultVal": ""
            }
        },
        "persistedModel": true,
        "_doctype": "Model",
        "backendId": "r1A31yYMv",
        "dataSource": "mongoDb",
        "_deleted": false,
        "_createdAt": "2020-09-09T06:46:33.325Z",
        "_modifiedAt": "2020-09-09T06:46:33.325Z",
        "_lv": 0,
        "strict": true,
        "mixins": {
            "TenantMixin": true,
            "TrackChanges": false,
            "Deletemixin": {
                "softDelete": true
            }
        },
        "permissions": {
            "categories": {
                "delete": {
                    "roles": [
                        "$orguser"
                    ]
                },
                "read": {
                    "roles": [
                        "$orguser"
                    ]
                },
                "update": {
                    "roles": [
                        "$orguser"
                    ]
                },
                "create": {
                    "roles": [
                        "$orguser"
                    ]
                }
            }
        },
        "tags": [],
        "disabledAPI": [],
        "_v": 1,
        "relatedTo": [],
        "acls": [
            {
                "property": "*",
                "permission": "ALLOW",
                "principalId": "$authenticated",
                "principalType": "ROLE",
                "accessType": "*"
            }
        ]
    }
]