{
    "resources": [
        "relations",
        "working",
        "workflows",
        "events"
    ],
    "oldBackendRecord": {
        "_id": "BkvSL9nAI",
        "name": "naturallandfowl",
        "description": "",
        "uniquename": "naturallandfowl",
        "appId": "p10",
        "cors": {
            "maxAge": 86400,
            "credentials": true,
            "origin": true
        },
        "routes": [
            {
                "value": "/index.html",
                "key": "*"
            }
        ],
        "status": 235,
        "_createdBy": "adarshkumar@bitpod.io",
        "_createdAt": "2020-07-03T11:27:58.714Z",
        "_updatedBy": "adarshkumar@bitpod.io",
        "schemaversion": "2.0",
        "maintenance": {
            "ETA": 0,
            "reason": 0,
            "active": false
        },
        "database": {
            "name": "p10_naturallandfowl_pzxoy",
            "password": "fo83s",
            "username": "c1ad3"
        },
        "instance": {
            "deploymentJson": {
                "endPoints": {
                    "mongodb": {
                        "subsets": [
                            {
                                "ports": [
                                    {
                                        "protocol": "TCP",
                                        "port": 27017
                                    }
                                ],
                                "addresses": [
                                    {
                                        "ip": ""
                                    }
                                ]
                            }
                        ],
                        "metadata": {
                            "name": "mongodb"
                        },
                        "apiVersion": "v1",
                        "kind": "Endpoints"
                    }
                },
                "sfs": {
                    "nginx": {
                        "spec": {
                            "template": {
                                "spec": {
                                    "containers": [
                                        {
                                            "ports": [
                                                {
                                                    "containerPort": 8085,
                                                    "name": "web"
                                                }
                                            ],
                                            "image": "bitpod/predev-instanceproxy:task_5119-dd8e89ec",
                                            "name": "nginx"
                                        }
                                    ]
                                },
                                "metadata": {
                                    "labels": {
                                        "tier": "proxy",
                                        "app": "backend"
                                    }
                                }
                            },
                            "replicas": 1,
                            "serviceName": "nginx"
                        },
                        "metadata": {
                            "name": "nginx",
                            "namespace": "pre-p10-naturallandfowl"
                        },
                        "kind": "StatefulSet",
                        "apiVersion": "apps/v1beta1"
                    },
                    "bm": {
                        "spec": {
                            "template": {
                                "spec": {
                                    "volumes": [
                                        {
                                            "name": "code"
                                        },
                                        {
                                            "name": "download"
                                        }
                                    ],
                                    "containers": [
                                        {
                                            "readinessProbe": {
                                                "periodSeconds": 5,
                                                "initialDelaySeconds": 5,
                                                "httpGet": {
                                                    "port": 3001,
                                                    "path": "/healthz/"
                                                }
                                            },
                                            "volumeMounts": [
                                                {
                                                    "mountPath": "/var/code",
                                                    "name": "code"
                                                },
                                                {
                                                    "mountPath": "/var/download",
                                                    "name": "download"
                                                }
                                            ],
                                            "ports": [
                                                {
                                                    "containerPort": 3001,
                                                    "name": "web"
                                                }
                                            ],
                                            "env": [
                                                {
                                                    "value": "/var/download",
                                                    "name": "DOWNLOAD_PATH"
                                                },
                                                {
                                                    "value": "https://outlook.office.com/webhook/28b98568-d712-43b0-acab-dc662d48af10@6afcd346-7cb2-46db-897d-c639dbdf0449/IncomingWebhook/04e0ec50319d44c883b86e0f0f7f8d7f/3c5aff45-eca1-4c5b-bec5-6e3876b0c31b",
                                                    "name": "WEBHOOK_URL"
                                                },
                                                {
                                                    "value": "https://outlook.office.com/webhook/28b98568-d712-43b0-acab-dc662d48af10@6afcd346-7cb2-46db-897d-c639dbdf0449/IncomingWebhook/5d616aff7a164791aa8a30adc42ea48e/3c5aff45-eca1-4c5b-bec5-6e3876b0c31b",
                                                    "name": "WEBHOOK_ERRORS_URL"
                                                },
                                                {
                                                    "value": "c1ad3",
                                                    "name": "MONGO_USER"
                                                },
                                                {
                                                    "value": "fo83s",
                                                    "name": "MONGO_PASSWORD"
                                                },
                                                {
                                                    "value": "p10_naturallandfowl_pzxoy",
                                                    "name": "MONGO_DATABASE"
                                                },
                                                {
                                                    "valueFrom": {
                                                        "fieldRef": {
                                                            "fieldPath": "metadata.namespace"
                                                        }
                                                    },
                                                    "name": "POD_NAMESPACE"
                                                },
                                                {
                                                    "value": "bm",
                                                    "name": "TIER"
                                                }
                                            ],
                                            "image": "bitpod/predev-baasinstance:bug_5111-f403d552",
                                            "name": "bm"
                                        }
                                    ]
                                },
                                "metadata": {
                                    "labels": {
                                        "tier": "bm",
                                        "app": "backend"
                                    }
                                }
                            },
                            "replicas": 1,
                            "serviceName": "bm"
                        },
                        "metadata": {
                            "name": "bm",
                            "namespace": "pre-p10-naturallandfowl"
                        },
                        "kind": "StatefulSet",
                        "apiVersion": "apps/v1beta1"
                    },
                    "engine": {
                        "spec": {
                            "template": {
                                "spec": {
                                    "volumes": [
                                        {
                                            "name": "code"
                                        },
                                        {
                                            "name": "download"
                                        }
                                    ],
                                    "containers": [
                                        {
                                            "volumeMounts": [
                                                {
                                                    "mountPath": "/var/code",
                                                    "name": "code"
                                                },
                                                {
                                                    "mountPath": "/var/download",
                                                    "name": "download"
                                                }
                                            ],
                                            "ports": [
                                                {
                                                    "containerPort": 3000,
                                                    "name": "web"
                                                }
                                            ],
                                            "env": [
                                                {
                                                    "value": "/var/download",
                                                    "name": "DOWNLOAD_PATH"
                                                },
                                                {
                                                    "value": "https://outlook.office.com/webhook/28b98568-d712-43b0-acab-dc662d48af10@6afcd346-7cb2-46db-897d-c639dbdf0449/IncomingWebhook/04e0ec50319d44c883b86e0f0f7f8d7f/3c5aff45-eca1-4c5b-bec5-6e3876b0c31b",
                                                    "name": "WEBHOOK_URL"
                                                },
                                                {
                                                    "value": "https://outlook.office.com/webhook/28b98568-d712-43b0-acab-dc662d48af10@6afcd346-7cb2-46db-897d-c639dbdf0449/IncomingWebhook/5d616aff7a164791aa8a30adc42ea48e/3c5aff45-eca1-4c5b-bec5-6e3876b0c31b",
                                                    "name": "WEBHOOK_ERRORS_URL"
                                                },
                                                {
                                                    "value": "c1ad3",
                                                    "name": "MONGO_USER"
                                                },
                                                {
                                                    "value": "fo83s",
                                                    "name": "MONGO_PASSWORD"
                                                },
                                                {
                                                    "value": "p10_naturallandfowl_pzxoy",
                                                    "name": "MONGO_DATABASE"
                                                },
                                                {
                                                    "value": "naturallandfowl",
                                                    "name": "TENANT_ID"
                                                },
                                                {
                                                    "valueFrom": {
                                                        "fieldRef": {
                                                            "fieldPath": "metadata.namespace"
                                                        }
                                                    },
                                                    "name": "POD_NAMESPACE"
                                                },
                                                {
                                                    "value": "engine",
                                                    "name": "TIER"
                                                },
                                                {
                                                    "value": "engine",
                                                    "name": "USER_PROFILE_SITE_URL"
                                                },
                                                {
                                                    "value": "engine",
                                                    "name": "PLATFORM_SERVICE_URL"
                                                },
                                                {
                                                    "value": "engine",
                                                    "name": "INSTANCE_URL"
                                                }
                                            ],
                                            "image": "bitpod/predev-baasinstance:bug_5111-f403d552",
                                            "name": "engine"
                                        }
                                    ]
                                },
                                "metadata": {
                                    "labels": {
                                        "tier": "engine",
                                        "app": "backend"
                                    }
                                }
                            },
                            "replicas": 1,
                            "serviceName": "engine"
                        },
                        "metadata": {
                            "name": "engine",
                            "namespace": "pre-p10-naturallandfowl"
                        },
                        "kind": "StatefulSet",
                        "apiVersion": "apps/v1beta1"
                    },
                    "redis": {
                        "spec": {
                            "template": {
                                "spec": {
                                    "containers": [
                                        {
                                            "ports": [
                                                {
                                                    "containerPort": 6379,
                                                    "name": "web"
                                                }
                                            ],
                                            "image": "redis:alpine",
                                            "name": "redis"
                                        }
                                    ]
                                },
                                "metadata": {
                                    "labels": {
                                        "tier": "redis",
                                        "app": "backend"
                                    }
                                }
                            },
                            "replicas": 1,
                            "serviceName": "redis"
                        },
                        "metadata": {
                            "name": "redis",
                            "namespace": "pre-p10-naturallandfowl"
                        },
                        "kind": "StatefulSet",
                        "apiVersion": "apps/v1beta1"
                    }
                },
                "svc": {
                    "nginx": {
                        "spec": {
                            "ports": [
                                {
                                    "targetPort": 8085,
                                    "port": 80
                                }
                            ],
                            "selector": {
                                "tier": "proxy",
                                "app": "backend"
                            },
                            "type": "ClusterIP"
                        },
                        "metadata": {
                            "labels": {
                                "tier": "proxy",
                                "app": "backend"
                            },
                            "namespace": "pre-p10-naturallandfowl",
                            "name": "nginx"
                        },
                        "kind": "Service",
                        "apiVersion": "v1"
                    },
                    "bm": {
                        "spec": {
                            "ports": [
                                {
                                    "targetPort": 3001,
                                    "port": 3001
                                }
                            ],
                            "selector": {
                                "tier": "bm",
                                "app": "backend"
                            }
                        },
                        "metadata": {
                            "labels": {
                                "tier": "bm",
                                "app": "backend"
                            },
                            "namespace": "pre-p10-naturallandfowl",
                            "name": "bm"
                        },
                        "kind": "Service",
                        "apiVersion": "v1"
                    },
                    "engine": {
                        "spec": {
                            "ports": [
                                {
                                    "targetPort": 3000,
                                    "port": 3000,
                                    "name": "web"
                                },
                                {
                                    "targetPort": 5000,
                                    "port": 5000,
                                    "name": "websocket"
                                }
                            ],
                            "selector": {
                                "tier": "engine",
                                "app": "backend"
                            }
                        },
                        "metadata": {
                            "labels": {
                                "tier": "engine",
                                "app": "backend"
                            },
                            "namespace": "pre-p10-naturallandfowl",
                            "name": "engine"
                        },
                        "kind": "Service",
                        "apiVersion": "v1"
                    },
                    "mongodb": {
                        "spec": {
                            "ports": [
                                {
                                    "targetPort": 27017,
                                    "port": 27017,
                                    "protocol": "TCP"
                                }
                            ]
                        },
                        "metadata": {
                            "name": "mongodb"
                        },
                        "apiVersion": "v1",
                        "kind": "Service"
                    },
                    "redis": {
                        "spec": {
                            "ports": [
                                {
                                    "targetPort": 6379,
                                    "port": 6379
                                }
                            ],
                            "selector": {
                                "tier": "redis",
                                "app": "backend"
                            }
                        },
                        "metadata": {
                            "labels": {
                                "tier": "redis",
                                "app": "backend"
                            },
                            "namespace": "pre-p10-naturallandfowl",
                            "name": "redis"
                        },
                        "kind": "Service",
                        "apiVersion": "v1"
                    }
                },
                "ns": {
                    "metadata": {
                        "name": "pre-p10-naturallandfowl"
                    },
                    "kind": "Namespace",
                    "apiVersion": "v1"
                },
                "metadata": {
                    "namespace": "pre-p10-naturallandfowl"
                }
            }
        },
        "users": [
            "adarshkumar@bitpod.io"
        ],
        "authClients": {
            "clientCreds": {
                "clientSecret": "6edb199691b428859fb007636038a99ae434ab5e",
                "clientId": "91cf3e6b62082f5caf3acd41902b1e1ec00c0448"
            },
            "bpmnBaasClient": {
                "clientSecret": "c0d86075d5df08a6b4ecce20111015e2708012cb",
                "clientId": "0e15e8750b10d05810b85f5e2440e629445640ed"
            }
        },
        "accessKeys": [
            {
                "modifiedAt": 1593775678714,
                "createdAt": 1593775678714,
                "userId": "adarshkumar@bitpod.io",
                "isActive": true,
                "key": "73a4f32b9b4a5e2cb37467e5971691532d51799e32c70adf9cb6feff093a8e3cb9d0a9b3516d3aa093651506a882469e"
            }
        ],
        "cleanLogs": [],
        "roleMapping": {
            "InstanceOwner": [
                "adarshkumar@bitpod.io"
            ]
        },
        "jobId": "409",
        "codeVersion": 4,
        "instanceUrl": "http://34.73.82.229:30559",
        "microServices": [
            {
                "status": {
                    "loadBalancer": {}
                },
                "spec": {
                    "sessionAffinity": "None",
                    "type": "ClusterIP",
                    "clusterIP": "10.3.254.84",
                    "selector": {
                        "tier": "bm",
                        "app": "backend"
                    },
                    "ports": [
                        {
                            "targetPort": 3001,
                            "port": 3001,
                            "protocol": "TCP"
                        }
                    ]
                },
                "metadata": {
                    "annotations": {
                        "meta.helm.sh/release-namespace": "pre-p10-naturallandfowl",
                        "meta.helm.sh/release-name": "pre-p10-naturallandfowl"
                    },
                    "labels": {
                        "tier": "bm",
                        "serviceSpecVersion": "1",
                        "app.kubernetes.io/managed-by": "Helm",
                        "app": "backend"
                    },
                    "creationTimestamp": "2020-07-03T11:28:04Z",
                    "resourceVersion": "260780023",
                    "uid": "42ea74e9-bd20-11ea-8cea-42010a8e00ab",
                    "selfLink": "/api/v1/namespaces/pre-p10-naturallandfowl/services/bm",
                    "namespace": "pre-p10-naturallandfowl",
                    "name": "bm"
                }
            },
            {
                "status": {
                    "loadBalancer": {}
                },
                "spec": {
                    "externalName": "bpmnapi.app-activiti-predev.svc.cluster.local",
                    "sessionAffinity": "None",
                    "type": "ExternalName",
                    "ports": [
                        {
                            "targetPort": 8081,
                            "port": 8081,
                            "protocol": "TCP"
                        }
                    ]
                },
                "metadata": {
                    "annotations": {
                        "meta.helm.sh/release-namespace": "pre-p10-naturallandfowl",
                        "meta.helm.sh/release-name": "pre-p10-naturallandfowl"
                    },
                    "labels": {
                        "app.kubernetes.io/managed-by": "Helm"
                    },
                    "creationTimestamp": "2020-07-03T11:28:04Z",
                    "resourceVersion": "260779992",
                    "uid": "42e28854-bd20-11ea-8cea-42010a8e00ab",
                    "selfLink": "/api/v1/namespaces/pre-p10-naturallandfowl/services/bpmnapi",
                    "namespace": "pre-p10-naturallandfowl",
                    "name": "bpmnapi"
                }
            },
            {
                "status": {
                    "loadBalancer": {}
                },
                "spec": {
                    "sessionAffinity": "None",
                    "type": "ClusterIP",
                    "clusterIP": "10.3.246.31",
                    "selector": {
                        "tier": "engine",
                        "app": "backend"
                    },
                    "ports": [
                        {
                            "targetPort": 3000,
                            "port": 3000,
                            "protocol": "TCP",
                            "name": "web"
                        },
                        {
                            "targetPort": 5000,
                            "port": 5000,
                            "protocol": "TCP",
                            "name": "websocket"
                        },
                        {
                            "targetPort": 8000,
                            "port": 8000,
                            "protocol": "TCP",
                            "name": "healthzcheck"
                        }
                    ]
                },
                "metadata": {
                    "annotations": {
                        "meta.helm.sh/release-namespace": "pre-p10-naturallandfowl",
                        "meta.helm.sh/release-name": "pre-p10-naturallandfowl"
                    },
                    "labels": {
                        "tier": "engine",
                        "serviceSpecVersion": "1",
                        "app.kubernetes.io/managed-by": "Helm",
                        "app": "backend"
                    },
                    "creationTimestamp": "2020-07-03T11:28:04Z",
                    "resourceVersion": "260780021",
                    "uid": "42e9ac67-bd20-11ea-8cea-42010a8e00ab",
                    "selfLink": "/api/v1/namespaces/pre-p10-naturallandfowl/services/engine",
                    "namespace": "pre-p10-naturallandfowl",
                    "name": "engine"
                }
            },
            {
                "status": {
                    "loadBalancer": {}
                },
                "spec": {
                    "sessionAffinity": "None",
                    "type": "ClusterIP",
                    "clusterIP": "10.3.243.255",
                    "selector": {
                        "tier": "engine-debug",
                        "app": "backend"
                    },
                    "ports": [
                        {
                            "targetPort": 3000,
                            "port": 3000,
                            "protocol": "TCP",
                            "name": "web"
                        },
                        {
                            "targetPort": 5000,
                            "port": 5000,
                            "protocol": "TCP",
                            "name": "websocket"
                        },
                        {
                            "targetPort": 8000,
                            "port": 8000,
                            "protocol": "TCP",
                            "name": "healthzcheck"
                        }
                    ]
                },
                "metadata": {
                    "annotations": {
                        "meta.helm.sh/release-namespace": "pre-p10-naturallandfowl",
                        "meta.helm.sh/release-name": "pre-p10-naturallandfowl"
                    },
                    "labels": {
                        "tier": "engine-debug",
                        "serviceSpecVersion": "1",
                        "app.kubernetes.io/managed-by": "Helm",
                        "app": "backend"
                    },
                    "creationTimestamp": "2020-07-03T11:28:04Z",
                    "resourceVersion": "260780004",
                    "uid": "42e60ac0-bd20-11ea-8cea-42010a8e00ab",
                    "selfLink": "/api/v1/namespaces/pre-p10-naturallandfowl/services/engine-debug",
                    "namespace": "pre-p10-naturallandfowl",
                    "name": "engine-debug"
                }
            },
            {
                "status": {
                    "loadBalancer": {}
                },
                "spec": {
                    "externalTrafficPolicy": "Cluster",
                    "sessionAffinity": "None",
                    "type": "NodePort",
                    "clusterIP": "10.3.254.212",
                    "selector": {
                        "tier": "proxy",
                        "app": "backend"
                    },
                    "ports": [
                        {
                            "nodePort": 30559,
                            "targetPort": 8085,
                            "port": 80,
                            "protocol": "TCP",
                            "name": "http"
                        },
                        {
                            "nodePort": 32044,
                            "targetPort": 443,
                            "port": 443,
                            "protocol": "TCP",
                            "name": "https"
                        }
                    ]
                },
                "metadata": {
                    "annotations": {
                        "meta.helm.sh/release-namespace": "pre-p10-naturallandfowl",
                        "meta.helm.sh/release-name": "pre-p10-naturallandfowl"
                    },
                    "labels": {
                        "tier": "proxy",
                        "serviceSpecVersion": "1",
                        "app.kubernetes.io/managed-by": "Helm",
                        "app": "backend"
                    },
                    "creationTimestamp": "2020-07-03T11:28:04Z",
                    "resourceVersion": "260780009",
                    "uid": "42e6fe8a-bd20-11ea-8cea-42010a8e00ab",
                    "selfLink": "/api/v1/namespaces/pre-p10-naturallandfowl/services/nginx",
                    "namespace": "pre-p10-naturallandfowl",
                    "name": "nginx"
                }
            },
            {
                "status": {
                    "loadBalancer": {}
                },
                "spec": {
                    "sessionAffinity": "None",
                    "type": "ClusterIP",
                    "clusterIP": "10.3.243.2",
                    "selector": {
                        "tier": "oauth",
                        "app": "backend"
                    },
                    "ports": [
                        {
                            "targetPort": 8000,
                            "port": 8000,
                            "protocol": "TCP",
                            "name": "web"
                        }
                    ]
                },
                "metadata": {
                    "annotations": {
                        "meta.helm.sh/release-namespace": "pre-p10-naturallandfowl",
                        "meta.helm.sh/release-name": "pre-p10-naturallandfowl"
                    },
                    "labels": {
                        "tier": "oauth",
                        "serviceSpecVersion": "1",
                        "app.kubernetes.io/managed-by": "Helm",
                        "app": "backend"
                    },
                    "creationTimestamp": "2020-07-03T11:28:04Z",
                    "resourceVersion": "260780011",
                    "uid": "42e7ba34-bd20-11ea-8cea-42010a8e00ab",
                    "selfLink": "/api/v1/namespaces/pre-p10-naturallandfowl/services/oauth",
                    "namespace": "pre-p10-naturallandfowl",
                    "name": "oauth"
                }
            },
            {
                "status": {
                    "loadBalancer": {}
                },
                "spec": {
                    "sessionAffinity": "None",
                    "type": "ClusterIP",
                    "clusterIP": "10.3.242.26",
                    "selector": {
                        "tier": "redis",
                        "app": "backend"
                    },
                    "ports": [
                        {
                            "targetPort": 6379,
                            "port": 6379,
                            "protocol": "TCP"
                        }
                    ]
                },
                "metadata": {
                    "annotations": {
                        "meta.helm.sh/release-namespace": "pre-p10-naturallandfowl",
                        "meta.helm.sh/release-name": "pre-p10-naturallandfowl"
                    },
                    "labels": {
                        "tier": "redis",
                        "serviceSpecVersion": "1",
                        "app.kubernetes.io/managed-by": "Helm",
                        "app": "backend"
                    },
                    "creationTimestamp": "2020-07-03T11:28:04Z",
                    "resourceVersion": "260780016",
                    "uid": "42e8e434-bd20-11ea-8cea-42010a8e00ab",
                    "selfLink": "/api/v1/namespaces/pre-p10-naturallandfowl/services/redis",
                    "namespace": "pre-p10-naturallandfowl",
                    "name": "redis"
                }
            },
            {
                "status": {
                    "loadBalancer": {}
                },
                "spec": {
                    "externalTrafficPolicy": "Cluster",
                    "sessionAffinity": "None",
                    "type": "NodePort",
                    "clusterIP": "10.3.246.180",
                    "selector": {
                        "tier": "s3storage",
                        "qs": "s3storage",
                        "app": "backend"
                    },
                    "ports": [
                        {
                            "nodePort": 32349,
                            "targetPort": 8000,
                            "port": 8000,
                            "protocol": "TCP"
                        }
                    ]
                },
                "metadata": {
                    "annotations": {
                        "meta.helm.sh/release-namespace": "pre-p10-naturallandfowl",
                        "meta.helm.sh/release-name": "pre-p10-naturallandfowl"
                    },
                    "labels": {
                        "tier": "s3storage",
                        "serviceSpecVersion": "1",
                        "app.kubernetes.io/managed-by": "Helm",
                        "app": "backend"
                    },
                    "creationTimestamp": "2020-07-03T11:28:04Z",
                    "resourceVersion": "260780001",
                    "uid": "42e534d6-bd20-11ea-8cea-42010a8e00ab",
                    "selfLink": "/api/v1/namespaces/pre-p10-naturallandfowl/services/s3storage",
                    "namespace": "pre-p10-naturallandfowl",
                    "name": "s3storage"
                }
            },
            {
                "status": {
                    "loadBalancer": {}
                },
                "spec": {
                    "sessionAffinity": "None",
                    "type": "ClusterIP",
                    "clusterIP": "10.3.250.139",
                    "selector": {
                        "tier": "site-hjvdb-j-v",
                        "app": "backend"
                    },
                    "ports": [
                        {
                            "targetPort": 3000,
                            "port": 80,
                            "protocol": "TCP",
                            "name": "api"
                        }
                    ]
                },
                "metadata": {
                    "annotations": {
                        "meta.helm.sh/release-namespace": "pre-p10-naturallandfowl",
                        "meta.helm.sh/release-name": "pre-p10-naturallandfowl"
                    },
                    "labels": {
                        "tier": "site-hjvdb-j-v",
                        "serviceSpecVersion": "2",
                        "app.kubernetes.io/managed-by": "Helm",
                        "app": "backend"
                    },
                    "creationTimestamp": "2020-07-29T14:20:11Z",
                    "resourceVersion": "271321311",
                    "uid": "9c9f1d07-d1a6-11ea-bebf-42010a8e0198",
                    "selfLink": "/api/v1/namespaces/pre-p10-naturallandfowl/services/site-service-hjvdb-j-v",
                    "namespace": "pre-p10-naturallandfowl",
                    "name": "site-service-hjvdb-j-v"
                }
            },
            {
                "status": {
                    "loadBalancer": {}
                },
                "spec": {
                    "sessionAffinity": "None",
                    "type": "ClusterIP",
                    "clusterIP": "10.3.248.212",
                    "selector": {
                        "tier": "webhosting",
                        "app": "backend"
                    },
                    "ports": [
                        {
                            "targetPort": 8800,
                            "port": 8800,
                            "protocol": "TCP",
                            "name": "api"
                        },
                        {
                            "targetPort": 80,
                            "port": 80,
                            "protocol": "TCP",
                            "name": "nginx"
                        }
                    ]
                },
                "metadata": {
                    "annotations": {
                        "meta.helm.sh/release-namespace": "pre-p10-naturallandfowl",
                        "meta.helm.sh/release-name": "pre-p10-naturallandfowl"
                    },
                    "labels": {
                        "tier": "webhosting",
                        "serviceSpecVersion": "2",
                        "app.kubernetes.io/managed-by": "Helm",
                        "app": "backend"
                    },
                    "creationTimestamp": "2020-07-03T11:28:04Z",
                    "resourceVersion": "260779993",
                    "uid": "42e3302b-bd20-11ea-8cea-42010a8e00ab",
                    "selfLink": "/api/v1/namespaces/pre-p10-naturallandfowl/services/webhosting",
                    "namespace": "pre-p10-naturallandfowl",
                    "name": "webhosting"
                }
            }
        ],
        "workloads": "",
        "debuggerEnabled": false,
        "childJobId": "410",
        "debuggerMeta": {},
        "deploymentLogs": [
            {
                "_id": "5f58714eafd9a1000d45778f",
                "type": "info",
                "time": "2020-09-09T06:08:14.686Z",
                "log": "Initializing deployment..."
            },
            {
                "_id": "5f58714eafd9a1000d457790",
                "type": "info",
                "time": "2020-09-09T06:08:14.884Z",
                "log": "Generating code..."
            },
            {
                "_id": "5f58714eafd9a1000d457791",
                "type": "info",
                "time": "2020-09-09T06:08:14.892Z",
                "log": "Writing code to disk..."
            },
            {
                "_id": "5f58714fafd9a1000d457792",
                "type": "info",
                "time": "2020-09-09T06:08:15.042Z",
                "log": "Uploading code to the backend..."
            },
            {
                "_id": "5f58714fafd9a1000d457795",
                "type": "info",
                "time": "2020-09-09T06:08:15.147Z",
                "log": "Finalizing deployment..."
            },
            {
                "_id": "5f58714fafd9a1000d457796",
                "type": "info",
                "time": "2020-09-09T06:08:15.355Z",
                "log": "New code deployed! Restarting backend..."
            },
            {
                "_id": "5f58714fafd9a1000d457797",
                "type": "info",
                "time": "2020-09-09T06:08:15.385Z",
                "log": "Verifying backend updates..."
            },
            {
                "_id": "5f587155afd9a1000d457798",
                "type": "info",
                "time": "2020-09-09T06:08:21.400Z",
                "log": "Updating replicas: (1/2). "
            },
            {
                "_id": "5f58715bafd9a1000d457799",
                "type": "info",
                "time": "2020-09-09T06:08:27.415Z",
                "log": "Updating replicas: (1/2). "
            },
            {
                "_id": "5f587161afd9a1000d45779a",
                "type": "info",
                "time": "2020-09-09T06:08:33.438Z",
                "log": "Updating replicas: (1/2). "
            },
            {
                "_id": "5f587167afd9a1000d45779b",
                "type": "info",
                "time": "2020-09-09T06:08:39.460Z",
                "log": "Updating replicas: (1/2). "
            },
            {
                "_id": "5f58716dafd9a1000d45779c",
                "type": "info",
                "time": "2020-09-09T06:08:45.476Z",
                "log": "Updating replicas: (1/2). "
            },
            {
                "_id": "5f587173afd9a1000d45779d",
                "type": "info",
                "time": "2020-09-09T06:08:51.492Z",
                "log": "Updating replicas: (1/2). "
            },
            {
                "_id": "5f587179afd9a1000d45779e",
                "type": "info",
                "time": "2020-09-09T06:08:57.507Z",
                "log": "Updating replicas: (1/2). "
            },
            {
                "_id": "5f58717fafd9a1000d45779f",
                "type": "info",
                "time": "2020-09-09T06:09:03.522Z",
                "log": "Updating replicas: (1/2). "
            },
            {
                "_id": "5f587185afd9a1000d4577a0",
                "type": "info",
                "time": "2020-09-09T06:09:09.538Z",
                "log": "Updating replicas: (1/2). "
            },
            {
                "_id": "5f58718bafd9a1000d4577a1",
                "type": "info",
                "time": "2020-09-09T06:09:15.551Z",
                "log": "Updating replicas: (1/2). "
            },
            {
                "_id": "5f587191afd9a1000d4577a2",
                "type": "info",
                "time": "2020-09-09T06:09:21.567Z",
                "log": "Updating replicas: (1/2). "
            },
            {
                "_id": "5f587197afd9a1000d4577a3",
                "type": "info",
                "time": "2020-09-09T06:09:27.581Z",
                "log": "Updating replicas: (2/2). "
            },
            {
                "_id": "5f587197afd9a1000d4577a4",
                "type": "info",
                "time": "2020-09-09T06:09:27.593Z",
                "log": "Deployment completed"
            }
        ]
    },
    "listOfContentFileIds": [],
    "version": "1.0.0",
    "exportedDate": "2020-09-09T06:09:27.742Z",
    "exportedBy": "adarshkumar@bitpod.io",
    "workflowZip": "BkvSL9nAI_workflow_rkxoZlLVP.zip"
}