[
    {
        "_id": "ryFSxogxLVv",
        "deploymentVersion": 1,
        "backendId": "BkvSL9nAI",
        "_deleted": false,
        "_createdAt": "2020-08-18T04:57:28.532Z",
        "_modifiedAt": "2020-08-18T04:57:28.532Z",
        "system": true,
        "foreignKey": "orgId",
        "isForeignKeyAnArray": false,
        "cascadeDelete": true,
        "type": "belongsTo",
        "_lv": 1,
        "_v": 0,
        "participated_models": [
            "Organization",
            "Workflow"
        ],
        "B": {
            "name": "myOrganization",
            "modelName": "Workflow"
        },
        "A": {
            "name": "",
            "modelName": "Organization"
        }
    },
    {
        "_id": "HJ5HejxeUEP",
        "deploymentVersion": 1,
        "backendId": "BkvSL9nAI",
        "_deleted": false,
        "_createdAt": "2020-08-18T04:57:28.531Z",
        "_modifiedAt": "2020-08-18T04:57:28.531Z",
        "system": true,
        "foreignKey": "orgId",
        "isForeignKeyAnArray": false,
        "cascadeDelete": true,
        "type": "belongsTo",
        "_lv": 1,
        "_v": 0,
        "participated_models": [
            "Organization",
            "jobDetail"
        ],
        "B": {
            "name": "myOrganization",
            "modelName": "jobDetail"
        },
        "A": {
            "name": "",
            "modelName": "Organization"
        }
    },
    {
        "_id": "r1oHlogxLEP",
        "deploymentVersion": 1,
        "backendId": "BkvSL9nAI",
        "_deleted": false,
        "_createdAt": "2020-08-18T04:57:28.530Z",
        "_modifiedAt": "2020-08-18T04:57:28.530Z",
        "system": true,
        "foreignKey": "orgId",
        "isForeignKeyAnArray": false,
        "cascadeDelete": true,
        "type": "belongsTo",
        "_lv": 1,
        "_v": 0,
        "participated_models": [
            "Organization",
            "Attachment"
        ],
        "B": {
            "name": "myOrganization",
            "modelName": "Attachment"
        },
        "A": {
            "name": "",
            "modelName": "Organization"
        }
    },
    {
        "_id": "H1hHesgxUNv",
        "deploymentVersion": 1,
        "backendId": "BkvSL9nAI",
        "_deleted": false,
        "_createdAt": "2020-08-18T04:57:28.529Z",
        "_modifiedAt": "2020-08-18T04:57:28.529Z",
        "system": true,
        "foreignKey": "orgId",
        "isForeignKeyAnArray": false,
        "cascadeDelete": true,
        "type": "belongsTo",
        "_lv": 1,
        "_v": 0,
        "participated_models": [
            "Organization",
            "Connection"
        ],
        "B": {
            "name": "myOrganization",
            "modelName": "Connection"
        },
        "A": {
            "name": "",
            "modelName": "Organization"
        }
    },
    {
        "_id": "ryaHxjeg84P",
        "deploymentVersion": 1,
        "backendId": "BkvSL9nAI",
        "_deleted": false,
        "_createdAt": "2020-08-18T04:57:28.595Z",
        "_modifiedAt": "2020-08-18T04:57:28.595Z",
        "system": true,
        "foreignKey": "userId",
        "foreignKeyType": "string",
        "isForeignKeyAnArray": false,
        "cascadeDelete": false,
        "type": "1-N Relation",
        "_lv": 1,
        "_v": 0,
        "participated_models": [
            "User",
            "AccessKey"
        ],
        "B": {
            "name": "user",
            "modelName": "AccessKey"
        },
        "A": {
            "name": "accessKeys",
            "modelName": "User"
        }
    },
    {
        "_id": "HyArgsgxI4D",
        "deploymentVersion": 1,
        "backendId": "BkvSL9nAI",
        "_deleted": false,
        "_createdAt": "2020-08-18T04:57:28.601Z",
        "_modifiedAt": "2020-08-18T04:57:28.601Z",
        "system": true,
        "foreignKey": "userId",
        "foreignKeyType": "string",
        "isForeignKeyAnArray": false,
        "cascadeDelete": false,
        "type": "1-1 Relation",
        "_lv": 1,
        "_v": 0,
        "participated_models": [
            "User",
            "Attachment"
        ],
        "B": {
            "name": "owner",
            "modelName": "Attachment"
        },
        "A": {
            "name": "attachment",
            "modelName": "User"
        }
    },
    {
        "_id": "SkJ8esleUNw",
        "deploymentVersion": 2,
        "backendId": "BkvSL9nAI",
        "_deleted": true,
        "_createdAt": "2020-08-27T04:24:56.164Z",
        "_modifiedAt": "2020-08-27T04:24:56.164Z",
        "system": true,
        "foreignKey": "orgId",
        "isForeignKeyAnArray": false,
        "cascadeDelete": true,
        "type": "belongsTo",
        "_lv": 1,
        "_v": 0,
        "participated_models": [
            "Organization",
            "Offer"
        ],
        "B": {
            "name": "myOrganization",
            "modelName": "Offer"
        },
        "A": {
            "name": "",
            "modelName": "Organization"
        }
    },
    {
        "_id": "B1lIxsggI4P",
        "deploymentVersion": 8,
        "backendId": "BkvSL9nAI",
        "_deleted": true,
        "_createdAt": "2020-09-08T10:28:23.591Z",
        "_modifiedAt": "2020-09-08T10:28:23.591Z",
        "system": true,
        "foreignKey": "orgId",
        "isForeignKeyAnArray": false,
        "cascadeDelete": true,
        "type": "belongsTo",
        "_lv": 1,
        "_v": 0,
        "participated_models": [
            "Organization",
            "singh"
        ],
        "B": {
            "name": "myOrganization",
            "modelName": "singh"
        },
        "A": {
            "name": "",
            "modelName": "Organization"
        }
    },
    {
        "_id": "r1bLloxlIVv",
        "deploymentVersion": 10,
        "backendId": "BkvSL9nAI",
        "_deleted": true,
        "_createdAt": "2020-09-08T10:47:47.190Z",
        "_modifiedAt": "2020-09-08T10:47:47.190Z",
        "system": true,
        "foreignKey": "orgId",
        "isForeignKeyAnArray": false,
        "cascadeDelete": true,
        "type": "belongsTo",
        "_lv": 1,
        "_v": 0,
        "participated_models": [
            "Organization",
            "rtyrtyrty"
        ],
        "B": {
            "name": "myOrganization",
            "modelName": "rtyrtyrty"
        },
        "A": {
            "name": "",
            "modelName": "Organization"
        }
    }
]